"id","start_id","start_vertex_type","end_id","end_vertex_type","available_since","inserted_at"
"1","684","Phone","3529","Payment","2025-01-01 00:23:55.173380","2025-01-01 00:23:55.173380"
"2","650","Phone","1548","Payment","2025-01-23 11:38:29.321468","2025-01-23 11:38:29.321468"
"3","381","Phone","3041","Payment","2025-01-17 18:46:36.024863","2025-01-17 18:46:36.024863"
"4","580","Phone","4867","Payment","2025-01-03 12:01:51.153805","2025-01-03 12:01:51.153805"
"5","503","Phone","3315","Payment","2025-01-18 15:09:12.339801","2025-01-18 15:09:12.339801"
"6","413","Phone","6784","Payment","2025-01-03 07:59:21.117668","2025-01-03 07:59:21.117668"
"7","873","Phone","5172","Payment","2025-01-23 01:14:25.068362","2025-01-23 01:14:25.068362"
"8","926","Phone","2380","Payment","2025-01-07 21:18:24.599586","2025-01-07 21:18:24.599586"
"9","521","Phone","1131","Payment","2025-01-10 14:24:54.781827","2025-01-10 14:24:54.781827"
"10","782","Phone","3053","Payment","2025-01-08 02:04:21.524537","2025-01-08 02:04:21.524537"
"11","74","Phone","5528","Payment","2025-01-20 08:54:58.906463","2025-01-20 08:54:58.906463"
"12","670","Phone","2812","Payment","2025-01-08 00:42:18.364682","2025-01-08 00:42:18.364682"
"13","894","Phone","2935","Payment","2025-01-22 03:06:33.575701","2025-01-22 03:06:33.575701"
"14","190","Phone","5295","Payment","2025-01-10 10:07:06.021961","2025-01-10 10:07:06.021961"
"15","284","Phone","6868","Payment","2025-01-01 06:12:57.938244","2025-01-01 06:12:57.938244"
"16","378","Phone","2433","Payment","2025-01-12 02:37:39.949924","2025-01-12 02:37:39.949924"
"17","333","Phone","3561","Payment","2025-01-13 18:12:11.791575","2025-01-13 18:12:11.791575"
"18","908","Phone","1773","Payment","2025-01-15 00:02:23.757933","2025-01-15 00:02:23.757933"
"19","421","Phone","5263","Payment","2025-01-02 01:08:08.883414","2025-01-02 01:08:08.883414"
"20","530","Phone","4789","Payment","2025-01-01 20:41:44.108946","2025-01-01 20:41:44.108946"
"21","794","Phone","4888","Payment","2025-01-01 15:39:08.737383","2025-01-01 15:39:08.737383"
"22","333","Phone","1310","Payment","2025-01-14 01:03:28.686663","2025-01-14 01:03:28.686663"
"23","148","Phone","5958","Payment","2025-01-20 08:38:10.456818","2025-01-20 08:38:10.456818"
"24","692","Phone","3353","Payment","2025-01-03 13:25:15.368783","2025-01-03 13:25:15.368783"
"25","358","Phone","372","Payment","2025-01-11 22:50:58.059851","2025-01-11 22:50:58.059851"
"26","14","Phone","2426","Payment","2025-01-08 20:21:14.425443","2025-01-08 20:21:14.425443"
"27","46","Phone","1866","Payment","2025-01-19 19:55:07.132879","2025-01-19 19:55:07.132879"
"28","497","Phone","2733","Payment","2025-01-15 21:48:34.551375","2025-01-15 21:48:34.551375"
"29","851","Phone","2797","Payment","2025-01-20 11:10:53.647092","2025-01-20 11:10:53.647092"
"30","715","Phone","917","Payment","2025-01-05 01:37:22.163733","2025-01-05 01:37:22.163733"
"31","67","Phone","4443","Payment","2025-01-07 20:20:38.937622","2025-01-07 20:20:38.937622"
"32","253","Phone","6490","Payment","2025-01-22 17:05:24.642926","2025-01-22 17:05:24.642926"
"33","212","Phone","4688","Payment","2025-01-10 02:29:04.269252","2025-01-10 02:29:04.269252"
"34","355","Phone","1967","Payment","2025-01-10 02:11:21.453408","2025-01-10 02:11:21.453408"
"35","709","Phone","6692","Payment","2025-01-08 07:06:58.242803","2025-01-08 07:06:58.242803"
"36","776","Phone","6883","Payment","2025-01-17 07:46:56.763522","2025-01-17 07:46:56.763522"
"37","922","Phone","614","Payment","2025-01-19 16:35:59.744262","2025-01-19 16:35:59.744262"
"38","458","Phone","3471","Payment","2025-01-07 16:20:52.572481","2025-01-07 16:20:52.572481"
"39","402","Phone","1807","Payment","2025-01-21 20:38:55.485513","2025-01-21 20:38:55.485513"
"40","898","Phone","2454","Payment","2025-01-10 05:23:58.319832","2025-01-10 05:23:58.319832"
"41","112","Phone","1713","Payment","2025-01-19 05:51:04.396449","2025-01-19 05:51:04.396449"
"42","18","Phone","3617","Payment","2025-01-10 03:40:00.024647","2025-01-10 03:40:00.024647"
"43","797","Phone","5542","Payment","2025-01-16 03:49:27.354002","2025-01-16 03:49:27.354002"
"44","662","Phone","3217","Payment","2025-01-04 02:09:46.967982","2025-01-04 02:09:46.967982"
"45","203","Phone","3879","Payment","2025-01-04 15:28:47.641436","2025-01-04 15:28:47.641436"
"46","781","Phone","4361","Payment","2025-01-10 20:14:17.598492","2025-01-10 20:14:17.598492"
"47","364","Phone","6207","Payment","2025-01-14 05:36:43.864934","2025-01-14 05:36:43.864934"
"48","479","Phone","1077","Payment","2025-01-03 23:57:02.150396","2025-01-03 23:57:02.150396"
"49","487","Phone","2156","Payment","2025-01-10 04:59:53.885858","2025-01-10 04:59:53.885858"
"50","175","Phone","2340","Payment","2025-01-17 08:30:08.288240","2025-01-17 08:30:08.288240"
"51","125","Phone","6674","Payment","2025-01-13 19:28:43.024024","2025-01-13 19:28:43.024024"
"52","238","Phone","2404","Payment","2025-01-08 20:05:32.827250","2025-01-08 20:05:32.827250"
"53","428","Phone","4070","Payment","2025-01-20 22:18:28.395686","2025-01-20 22:18:28.395686"
"54","400","Phone","2776","Payment","2025-01-10 11:46:51.109761","2025-01-10 11:46:51.109761"
"55","554","Phone","927","Payment","2025-01-21 22:28:52.827747","2025-01-21 22:28:52.827747"
"56","595","Phone","2277","Payment","2025-01-02 08:30:17.534728","2025-01-02 08:30:17.534728"
"57","170","Phone","5980","Payment","2025-01-13 03:39:47.202779","2025-01-13 03:39:47.202779"
"58","229","Phone","5135","Payment","2025-01-16 08:34:50.994649","2025-01-16 08:34:50.994649"
"59","366","Phone","4492","Payment","2025-01-12 02:56:03.837022","2025-01-12 02:56:03.837022"
"60","729","Phone","6922","Payment","2025-01-02 09:25:04.417689","2025-01-02 09:25:04.417689"
"61","947","Phone","977","Payment","2025-01-14 22:45:44.070381","2025-01-14 22:45:44.070381"
"62","628","Phone","5935","Payment","2025-01-07 00:10:01.132866","2025-01-07 00:10:01.132866"
"63","913","Phone","4982","Payment","2025-01-01 23:30:54.969834","2025-01-01 23:30:54.969834"
"64","602","Phone","3214","Payment","2025-01-21 21:39:22.932472","2025-01-21 21:39:22.932472"
"65","597","Phone","3033","Payment","2025-01-17 23:49:57.695676","2025-01-17 23:49:57.695676"
"66","876","Phone","6159","Payment","2025-01-12 15:35:39.018087","2025-01-12 15:35:39.018087"
"67","45","Phone","6149","Payment","2025-01-18 05:08:38.886291","2025-01-18 05:08:38.886291"
"68","889","Phone","5075","Payment","2025-01-08 18:14:51.400005","2025-01-08 18:14:51.400005"
"69","388","Phone","2901","Payment","2025-01-19 01:17:55.089174","2025-01-19 01:17:55.089174"
"70","462","Phone","1961","Payment","2025-01-11 06:52:00.664733","2025-01-11 06:52:00.664733"
"71","448","Phone","5026","Payment","2025-01-08 23:45:26.141210","2025-01-08 23:45:26.141210"
"72","66","Phone","2462","Payment","2025-01-03 02:56:21.437487","2025-01-03 02:56:21.437487"
"73","179","Phone","4375","Payment","2025-01-03 20:00:06.946838","2025-01-03 20:00:06.946838"
"74","695","Phone","4030","Payment","2025-01-19 20:45:32.165699","2025-01-19 20:45:32.165699"
"75","41","Phone","2852","Payment","2025-01-19 06:47:06.259722","2025-01-19 06:47:06.259722"
"76","256","Phone","4127","Payment","2025-01-12 09:57:08.042082","2025-01-12 09:57:08.042082"
"77","520","Phone","4706","Payment","2025-01-11 23:02:44.027575","2025-01-11 23:02:44.027575"
"78","528","Phone","1113","Payment","2025-01-14 22:20:39.017227","2025-01-14 22:20:39.017227"
"79","292","Phone","1163","Payment","2025-01-12 14:41:23.147012","2025-01-12 14:41:23.147012"
"80","523","Phone","3623","Payment","2025-01-21 12:08:40.698849","2025-01-21 12:08:40.698849"
"81","526","Phone","6063","Payment","2025-01-10 22:14:14.306339","2025-01-10 22:14:14.306339"
"82","699","Phone","2921","Payment","2025-01-21 18:21:45.729806","2025-01-21 18:21:45.729806"
"83","616","Phone","74","Payment","2025-01-05 02:29:43.518607","2025-01-05 02:29:43.518607"
"84","79","Phone","5963","Payment","2025-01-10 00:04:48.914892","2025-01-10 00:04:48.914892"
"85","922","Phone","2167","Payment","2025-01-20 15:49:47.754132","2025-01-20 15:49:47.754132"
"86","392","Phone","2472","Payment","2025-01-21 07:12:01.193217","2025-01-21 07:12:01.193217"
"87","86","Phone","3673","Payment","2025-01-02 19:38:45.684326","2025-01-02 19:38:45.684326"
"88","345","Phone","1264","Payment","2025-01-11 07:35:42.920824","2025-01-11 07:35:42.920824"
"89","716","Phone","3654","Payment","2025-01-17 22:30:16.490470","2025-01-17 22:30:16.490470"
"90","554","Phone","3377","Payment","2025-01-01 14:26:51.452768","2025-01-01 14:26:51.452768"
"91","31","Phone","3786","Payment","2025-01-04 11:19:21.564844","2025-01-04 11:19:21.564844"
"92","561","Phone","3384","Payment","2025-01-03 13:29:49.654621","2025-01-03 13:29:49.654621"
"93","218","Phone","5090","Payment","2025-01-07 01:49:20.138443","2025-01-07 01:49:20.138443"
"94","808","Phone","4155","Payment","2025-01-05 06:28:01.418371","2025-01-05 06:28:01.418371"
"95","414","Phone","1336","Payment","2025-01-18 18:38:03.686956","2025-01-18 18:38:03.686956"
"96","383","Phone","2216","Payment","2025-01-08 03:15:14.246132","2025-01-08 03:15:14.246132"
"97","831","Phone","448","Payment","2025-01-11 19:36:48.484374","2025-01-11 19:36:48.484374"
"98","891","Phone","55","Payment","2025-01-02 19:27:07.468358","2025-01-02 19:27:07.468358"
"99","857","Phone","4004","Payment","2025-01-04 14:09:22.507973","2025-01-04 14:09:22.507973"
"100","498","Phone","3197","Payment","2025-01-01 15:59:08.567071","2025-01-01 15:59:08.567071"
"101","936","Phone","67","Payment","2025-01-11 10:29:54.246511","2025-01-11 10:29:54.246511"
"102","850","Phone","3463","Payment","2025-01-21 04:26:10.977133","2025-01-21 04:26:10.977133"
"103","696","Phone","2996","Payment","2025-01-18 22:06:41.963720","2025-01-18 22:06:41.963720"
"104","585","Phone","3517","Payment","2025-01-10 02:51:37.689105","2025-01-10 02:51:37.689105"
"105","650","Phone","6408","Payment","2025-01-05 12:53:25.348064","2025-01-05 12:53:25.348064"
"106","329","Phone","6440","Payment","2025-01-21 11:49:04.957722","2025-01-21 11:49:04.957722"
"107","509","Phone","4528","Payment","2025-01-09 10:38:59.994678","2025-01-09 10:38:59.994678"
"108","373","Phone","6492","Payment","2025-01-04 10:06:07.679535","2025-01-04 10:06:07.679535"
"109","313","Phone","5560","Payment","2025-01-22 14:30:47.663257","2025-01-22 14:30:47.663257"
"110","178","Phone","1545","Payment","2025-01-16 09:05:09.594848","2025-01-16 09:05:09.594848"
"111","864","Phone","4934","Payment","2025-01-05 12:17:15.654292","2025-01-05 12:17:15.654292"
"112","227","Phone","6156","Payment","2025-01-20 12:25:44.222324","2025-01-20 12:25:44.222324"
"113","170","Phone","5521","Payment","2025-01-10 14:45:59.683604","2025-01-10 14:45:59.683604"
"114","791","Phone","3924","Payment","2025-01-15 00:05:16.993368","2025-01-15 00:05:16.993368"
"115","444","Phone","4349","Payment","2025-01-04 19:46:21.160610","2025-01-04 19:46:21.160610"
"116","838","Phone","5730","Payment","2025-01-22 17:33:30.135931","2025-01-22 17:33:30.135931"
"117","580","Phone","6274","Payment","2025-01-17 02:05:24.190434","2025-01-17 02:05:24.190434"
"118","445","Phone","3252","Payment","2025-01-11 13:41:11.796051","2025-01-11 13:41:11.796051"
"119","775","Phone","5959","Payment","2025-01-05 06:06:16.374314","2025-01-05 06:06:16.374314"
"120","791","Phone","1109","Payment","2025-01-17 23:22:55.191752","2025-01-17 23:22:55.191752"
"121","457","Phone","3050","Payment","2025-01-18 03:42:19.637972","2025-01-18 03:42:19.637972"
"122","704","Phone","1181","Payment","2025-01-09 14:57:21.876665","2025-01-09 14:57:21.876665"
"123","610","Phone","307","Payment","2025-01-21 05:02:37.161340","2025-01-21 05:02:37.161340"
"124","181","Phone","2246","Payment","2025-01-15 23:42:02.175714","2025-01-15 23:42:02.175714"
"125","90","Phone","501","Payment","2025-01-14 07:37:23.826224","2025-01-14 07:37:23.826224"
"126","166","Phone","6148","Payment","2025-01-18 16:53:25.342492","2025-01-18 16:53:25.342492"
"127","902","Phone","1043","Payment","2025-01-10 18:05:34.829911","2025-01-10 18:05:34.829911"
"128","171","Phone","1680","Payment","2025-01-15 14:51:01.844448","2025-01-15 14:51:01.844448"
"129","539","Phone","6527","Payment","2025-01-11 10:30:39.395344","2025-01-11 10:30:39.395344"
"130","119","Phone","6178","Payment","2025-01-19 05:24:33.798958","2025-01-19 05:24:33.798958"
"131","518","Phone","3819","Payment","2025-01-07 07:52:09.501570","2025-01-07 07:52:09.501570"
"132","142","Phone","5401","Payment","2025-01-09 10:08:35.766272","2025-01-09 10:08:35.766272"
"133","869","Phone","4929","Payment","2025-01-02 07:01:55.520111","2025-01-02 07:01:55.520111"
"134","527","Phone","4216","Payment","2025-01-15 09:21:44.688645","2025-01-15 09:21:44.688645"
"135","109","Phone","3535","Payment","2025-01-15 06:43:49.620847","2025-01-15 06:43:49.620847"
"136","365","Phone","1664","Payment","2025-01-22 23:12:41.757864","2025-01-22 23:12:41.757864"
"137","285","Phone","6673","Payment","2025-01-05 07:31:16.434853","2025-01-05 07:31:16.434853"
"138","876","Phone","6976","Payment","2025-01-07 04:04:46.653356","2025-01-07 04:04:46.653356"
"139","521","Phone","3231","Payment","2025-01-03 03:09:59.090003","2025-01-03 03:09:59.090003"
"140","635","Phone","2924","Payment","2025-01-19 20:14:59.837213","2025-01-19 20:14:59.837213"
"141","754","Phone","3724","Payment","2025-01-04 04:04:49.552822","2025-01-04 04:04:49.552822"
"142","766","Phone","1375","Payment","2025-01-17 10:36:01.902544","2025-01-17 10:36:01.902544"
"143","171","Phone","2193","Payment","2025-01-16 23:09:04.561260","2025-01-16 23:09:04.561260"
"144","732","Phone","1277","Payment","2025-01-05 07:55:54.038369","2025-01-05 07:55:54.038369"
"145","928","Phone","6099","Payment","2025-01-09 08:01:28.210565","2025-01-09 08:01:28.210565"
"146","277","Phone","5106","Payment","2025-01-05 00:44:48.704638","2025-01-05 00:44:48.704638"
"147","23","Phone","2943","Payment","2025-01-14 20:04:39.767990","2025-01-14 20:04:39.767990"
"148","731","Phone","4549","Payment","2025-01-06 01:38:35.810416","2025-01-06 01:38:35.810416"
"149","920","Phone","3502","Payment","2025-01-01 01:33:37.197475","2025-01-01 01:33:37.197475"
"150","139","Phone","1194","Payment","2025-01-22 05:20:14.497575","2025-01-22 05:20:14.497575"
"151","736","Phone","3480","Payment","2025-01-14 13:58:05.510443","2025-01-14 13:58:05.510443"
"152","432","Phone","1086","Payment","2025-01-13 19:51:13.018131","2025-01-13 19:51:13.018131"
"153","196","Phone","6731","Payment","2025-01-15 06:42:57.737163","2025-01-15 06:42:57.737163"
"154","668","Phone","4381","Payment","2025-01-12 15:50:43.412751","2025-01-12 15:50:43.412751"
"155","711","Phone","1133","Payment","2025-01-11 10:10:54.929649","2025-01-11 10:10:54.929649"
"156","131","Phone","5678","Payment","2025-01-16 05:03:20.746870","2025-01-16 05:03:20.746870"
"157","281","Phone","2121","Payment","2025-01-16 07:37:45.253171","2025-01-16 07:37:45.253171"
"158","780","Phone","2406","Payment","2025-01-21 17:16:01.708056","2025-01-21 17:16:01.708056"
"159","205","Phone","1798","Payment","2025-01-13 05:57:30.054841","2025-01-13 05:57:30.054841"
"160","155","Phone","5752","Payment","2025-01-06 22:01:39.612615","2025-01-06 22:01:39.612615"
"161","527","Phone","5590","Payment","2025-01-13 16:24:09.327318","2025-01-13 16:24:09.327318"
"162","803","Phone","2284","Payment","2025-01-19 09:38:59.636420","2025-01-19 09:38:59.636420"
"163","511","Phone","4419","Payment","2025-01-07 18:44:09.796381","2025-01-07 18:44:09.796381"
"164","29","Phone","5293","Payment","2025-01-18 00:50:46.094692","2025-01-18 00:50:46.094692"
"165","565","Phone","5613","Payment","2025-01-20 10:27:42.446147","2025-01-20 10:27:42.446147"
"166","121","Phone","4450","Payment","2025-01-04 10:59:00.367338","2025-01-04 10:59:00.367338"
"167","895","Phone","1681","Payment","2025-01-11 10:03:25.948157","2025-01-11 10:03:25.948157"
"168","247","Phone","3543","Payment","2025-01-16 08:52:49.686857","2025-01-16 08:52:49.686857"
"169","512","Phone","2102","Payment","2025-01-03 14:24:53.255992","2025-01-03 14:24:53.255992"
"170","915","Phone","6998","Payment","2025-01-15 12:24:15.967726","2025-01-15 12:24:15.967726"
"171","460","Phone","6805","Payment","2025-01-20 14:28:06.668113","2025-01-20 14:28:06.668113"
"172","531","Phone","3127","Payment","2025-01-01 07:50:23.735099","2025-01-01 07:50:23.735099"
"173","48","Phone","3514","Payment","2025-01-10 07:16:14.468109","2025-01-10 07:16:14.468109"
"174","493","Phone","6819","Payment","2025-01-20 13:18:12.928701","2025-01-20 13:18:12.928701"
"175","253","Phone","1187","Payment","2025-01-13 21:20:11.060650","2025-01-13 21:20:11.060650"
"176","75","Phone","5218","Payment","2025-01-14 10:55:54.896402","2025-01-14 10:55:54.896402"
"177","209","Phone","1798","Payment","2025-01-13 07:34:48.432321","2025-01-13 07:34:48.432321"
"178","329","Phone","6413","Payment","2025-01-13 05:32:59.556689","2025-01-13 05:32:59.556689"
"179","199","Phone","4352","Payment","2025-01-09 01:34:00.987486","2025-01-09 01:34:00.987486"
"180","27","Phone","6101","Payment","2025-01-15 20:53:39.668377","2025-01-15 20:53:39.668377"
"181","936","Phone","298","Payment","2025-01-08 17:17:48.007103","2025-01-08 17:17:48.007103"
"182","166","Phone","4547","Payment","2025-01-16 14:18:49.353482","2025-01-16 14:18:49.353482"
"183","417","Phone","3084","Payment","2025-01-02 20:23:59.185424","2025-01-02 20:23:59.185424"
"184","442","Phone","4957","Payment","2025-01-11 15:30:27.178437","2025-01-11 15:30:27.178437"
"185","467","Phone","6344","Payment","2025-01-18 17:59:49.724086","2025-01-18 17:59:49.724086"
"186","27","Phone","6247","Payment","2025-01-04 06:51:56.723583","2025-01-04 06:51:56.723583"
"187","269","Phone","5983","Payment","2025-01-11 03:13:29.717526","2025-01-11 03:13:29.717526"
"188","503","Phone","4846","Payment","2025-01-08 19:23:39.133695","2025-01-08 19:23:39.133695"
"189","22","Phone","978","Payment","2025-01-08 02:56:22.374782","2025-01-08 02:56:22.374782"
"190","137","Phone","3932","Payment","2025-01-08 04:16:25.444313","2025-01-08 04:16:25.444313"
"191","737","Phone","6923","Payment","2025-01-09 19:04:32.132985","2025-01-09 19:04:32.132985"
"192","429","Phone","4009","Payment","2025-01-18 20:22:07.565370","2025-01-18 20:22:07.565370"
"193","6","Phone","5729","Payment","2025-01-10 16:07:53.100750","2025-01-10 16:07:53.100750"
"194","945","Phone","6307","Payment","2025-01-03 16:37:06.937882","2025-01-03 16:37:06.937882"
"195","168","Phone","873","Payment","2025-01-19 06:42:07.222131","2025-01-19 06:42:07.222131"
"196","908","Phone","5095","Payment","2025-01-15 23:46:17.815497","2025-01-15 23:46:17.815497"
"197","19","Phone","3301","Payment","2025-01-01 03:00:20.784658","2025-01-01 03:00:20.784658"
"198","513","Phone","4542","Payment","2025-01-18 01:21:04.591138","2025-01-18 01:21:04.591138"
"199","74","Phone","6106","Payment","2025-01-04 04:07:20.815018","2025-01-04 04:07:20.815018"
"200","252","Phone","3352","Payment","2025-01-02 05:41:31.348627","2025-01-02 05:41:31.348627"
"201","150","Phone","6986","Payment","2025-01-18 14:15:18.917888","2025-01-18 14:15:18.917888"
"202","115","Phone","2307","Payment","2025-01-10 07:31:43.294421","2025-01-10 07:31:43.294421"
"203","605","Phone","5854","Payment","2025-01-04 01:20:30.639748","2025-01-04 01:20:30.639748"
"204","516","Phone","1737","Payment","2025-01-06 06:25:19.624980","2025-01-06 06:25:19.624980"
"205","63","Phone","223","Payment","2025-01-22 21:09:16.360648","2025-01-22 21:09:16.360648"
"206","911","Phone","3100","Payment","2025-01-20 02:42:16.880500","2025-01-20 02:42:16.880500"
"207","118","Phone","4433","Payment","2025-01-08 22:30:43.225147","2025-01-08 22:30:43.225147"
"208","212","Phone","2427","Payment","2025-01-19 13:20:39.256541","2025-01-19 13:20:39.256541"
"209","480","Phone","2568","Payment","2025-01-13 07:32:08.672358","2025-01-13 07:32:08.672358"
"210","649","Phone","4170","Payment","2025-01-22 06:56:19.569546","2025-01-22 06:56:19.569546"
"211","406","Phone","2978","Payment","2025-01-03 12:32:11.303157","2025-01-03 12:32:11.303157"
"212","564","Phone","2245","Payment","2025-01-23 01:06:34.394072","2025-01-23 01:06:34.394072"
"213","53","Phone","588","Payment","2025-01-17 14:16:49.812067","2025-01-17 14:16:49.812067"
"214","317","Phone","4572","Payment","2025-01-17 04:35:44.165623","2025-01-17 04:35:44.165623"
"215","232","Phone","152","Payment","2025-01-09 03:09:00.654584","2025-01-09 03:09:00.654584"
"216","488","Phone","5040","Payment","2025-01-13 08:39:21.688977","2025-01-13 08:39:21.688977"
"217","860","Phone","6468","Payment","2025-01-17 18:19:04.954785","2025-01-17 18:19:04.954785"
"218","710","Phone","2875","Payment","2025-01-22 20:06:04.924167","2025-01-22 20:06:04.924167"
"219","380","Phone","1613","Payment","2025-01-10 14:31:08.393301","2025-01-10 14:31:08.393301"
"220","109","Phone","4879","Payment","2025-01-15 17:39:15.554045","2025-01-15 17:39:15.554045"
"221","465","Phone","3869","Payment","2025-01-10 11:00:59.804635","2025-01-10 11:00:59.804635"
"222","629","Phone","4037","Payment","2025-01-01 01:10:54.532469","2025-01-01 01:10:54.532469"
"223","469","Phone","4160","Payment","2025-01-10 18:19:50.581624","2025-01-10 18:19:50.581624"
"224","651","Phone","418","Payment","2025-01-19 20:11:09.787094","2025-01-19 20:11:09.787094"
"225","748","Phone","3488","Payment","2025-01-08 01:38:28.259195","2025-01-08 01:38:28.259195"
"226","697","Phone","992","Payment","2025-01-03 16:52:34.340456","2025-01-03 16:52:34.340456"
"227","773","Phone","6001","Payment","2025-01-05 22:39:15.821521","2025-01-05 22:39:15.821521"
"228","106","Phone","6513","Payment","2025-01-06 13:35:24.626226","2025-01-06 13:35:24.626226"
"229","772","Phone","3452","Payment","2025-01-21 16:02:53.724489","2025-01-21 16:02:53.724489"
"230","61","Phone","4620","Payment","2025-01-16 19:33:55.965103","2025-01-16 19:33:55.965103"
"231","604","Phone","6671","Payment","2025-01-18 09:17:34.268131","2025-01-18 09:17:34.268131"
"232","54","Phone","2136","Payment","2025-01-11 06:53:08.685831","2025-01-11 06:53:08.685831"
"233","71","Phone","6358","Payment","2025-01-02 09:14:09.223930","2025-01-02 09:14:09.223930"
"234","778","Phone","2408","Payment","2025-01-13 16:22:04.854706","2025-01-13 16:22:04.854706"
"235","775","Phone","5135","Payment","2025-01-05 01:37:29.340388","2025-01-05 01:37:29.340388"
"236","239","Phone","2264","Payment","2025-01-23 03:54:25.701804","2025-01-23 03:54:25.701804"
"237","583","Phone","2171","Payment","2025-01-13 05:47:32.899095","2025-01-13 05:47:32.899095"
"238","568","Phone","5622","Payment","2025-01-18 14:56:46.172832","2025-01-18 14:56:46.172832"
"239","207","Phone","6797","Payment","2025-01-06 22:36:15.864551","2025-01-06 22:36:15.864551"
"240","195","Phone","45","Payment","2025-01-11 12:24:30.783148","2025-01-11 12:24:30.783148"
"241","188","Phone","2618","Payment","2025-01-14 00:39:52.655635","2025-01-14 00:39:52.655635"
"242","186","Phone","2799","Payment","2025-01-19 03:42:06.165865","2025-01-19 03:42:06.165865"
"243","431","Phone","4134","Payment","2025-01-19 16:45:24.539784","2025-01-19 16:45:24.539784"
"244","868","Phone","5161","Payment","2025-01-05 05:57:15.185695","2025-01-05 05:57:15.185695"
"245","380","Phone","2902","Payment","2025-01-14 04:08:56.572256","2025-01-14 04:08:56.572256"
"246","902","Phone","6344","Payment","2025-01-04 05:42:49.663297","2025-01-04 05:42:49.663297"
"247","215","Phone","4332","Payment","2025-01-14 04:58:33.932962","2025-01-14 04:58:33.932962"
"248","653","Phone","721","Payment","2025-01-03 03:32:27.671891","2025-01-03 03:32:27.671891"
"249","884","Phone","695","Payment","2025-01-02 03:19:31.960334","2025-01-02 03:19:31.960334"
"250","625","Phone","2205","Payment","2025-01-11 02:02:51.930012","2025-01-11 02:02:51.930012"
"251","53","Phone","2820","Payment","2025-01-08 05:32:12.320988","2025-01-08 05:32:12.320988"
"252","245","Phone","5062","Payment","2025-01-17 04:51:25.334605","2025-01-17 04:51:25.334605"
"253","140","Phone","3745","Payment","2025-01-18 03:53:10.279303","2025-01-18 03:53:10.279303"
"254","524","Phone","4400","Payment","2025-01-02 17:11:02.600095","2025-01-02 17:11:02.600095"
"255","337","Phone","6465","Payment","2025-01-20 02:23:11.375827","2025-01-20 02:23:11.375827"
"256","608","Phone","2818","Payment","2025-01-19 06:04:02.988641","2025-01-19 06:04:02.988641"
"257","475","Phone","3582","Payment","2025-01-23 06:08:44.924109","2025-01-23 06:08:44.924109"
"258","154","Phone","1687","Payment","2025-01-12 01:19:25.064094","2025-01-12 01:19:25.064094"
"259","859","Phone","1513","Payment","2025-01-11 17:31:38.890342","2025-01-11 17:31:38.890342"
"260","896","Phone","149","Payment","2025-01-06 21:42:17.390850","2025-01-06 21:42:17.390850"
"261","193","Phone","6993","Payment","2025-01-02 11:19:19.009494","2025-01-02 11:19:19.009494"
"262","642","Phone","5279","Payment","2025-01-15 13:26:11.833514","2025-01-15 13:26:11.833514"
"263","54","Phone","6023","Payment","2025-01-22 18:12:31.768861","2025-01-22 18:12:31.768861"
"264","391","Phone","3009","Payment","2025-01-19 01:11:16.300710","2025-01-19 01:11:16.300710"
"265","837","Phone","1349","Payment","2025-01-18 00:51:01.113645","2025-01-18 00:51:01.113645"
"266","50","Phone","5495","Payment","2025-01-15 11:57:28.414567","2025-01-15 11:57:28.414567"
"267","623","Phone","3230","Payment","2025-01-09 18:33:06.277619","2025-01-09 18:33:06.277619"
"268","585","Phone","4620","Payment","2025-01-23 04:06:42.188025","2025-01-23 04:06:42.188025"
"269","74","Phone","6334","Payment","2025-01-16 15:44:49.015285","2025-01-16 15:44:49.015285"
"270","204","Phone","1771","Payment","2025-01-16 14:39:04.071440","2025-01-16 14:39:04.071440"
"271","306","Phone","50","Payment","2025-01-07 17:40:54.851349","2025-01-07 17:40:54.851349"
"272","360","Phone","1985","Payment","2025-01-18 00:58:34.768661","2025-01-18 00:58:34.768661"
"273","363","Phone","803","Payment","2025-01-03 01:51:14.071991","2025-01-03 01:51:14.071991"
"274","97","Phone","6462","Payment","2025-01-08 17:25:41.563123","2025-01-08 17:25:41.563123"
"275","514","Phone","3413","Payment","2025-01-15 20:24:36.406522","2025-01-15 20:24:36.406522"
"276","123","Phone","2039","Payment","2025-01-11 02:26:05.983771","2025-01-11 02:26:05.983771"
"277","403","Phone","6569","Payment","2025-01-03 20:16:36.115689","2025-01-03 20:16:36.115689"
"278","480","Phone","1588","Payment","2025-01-07 18:55:58.652547","2025-01-07 18:55:58.652547"
"279","349","Phone","3851","Payment","2025-01-14 05:36:54.757092","2025-01-14 05:36:54.757092"
"280","502","Phone","2871","Payment","2025-01-23 08:05:36.594164","2025-01-23 08:05:36.594164"
"281","208","Phone","5012","Payment","2025-01-08 03:08:56.505114","2025-01-08 03:08:56.505114"
"282","27","Phone","212","Payment","2025-01-20 21:32:48.475466","2025-01-20 21:32:48.475466"
"283","681","Phone","4213","Payment","2025-01-20 08:26:07.143618","2025-01-20 08:26:07.143618"
"284","904","Phone","4580","Payment","2025-01-19 23:38:44.896660","2025-01-19 23:38:44.896660"
"285","372","Phone","3690","Payment","2025-01-18 06:38:15.518459","2025-01-18 06:38:15.518459"
"286","428","Phone","711","Payment","2025-01-13 02:31:56.685925","2025-01-13 02:31:56.685925"
"287","283","Phone","1711","Payment","2025-01-20 00:06:08.922068","2025-01-20 00:06:08.922068"
"288","200","Phone","5091","Payment","2025-01-10 19:59:45.132782","2025-01-10 19:59:45.132782"
"289","695","Phone","817","Payment","2025-01-02 23:44:03.992790","2025-01-02 23:44:03.992790"
"290","761","Phone","4564","Payment","2025-01-12 22:44:34.480336","2025-01-12 22:44:34.480336"
"291","909","Phone","151","Payment","2025-01-21 14:14:54.813855","2025-01-21 14:14:54.813855"
"292","531","Phone","3792","Payment","2025-01-01 01:02:45.828448","2025-01-01 01:02:45.828448"
"293","366","Phone","560","Payment","2025-01-05 00:57:56.369621","2025-01-05 00:57:56.369621"
"294","40","Phone","2614","Payment","2025-01-15 00:19:49.651678","2025-01-15 00:19:49.651678"
"295","103","Phone","1032","Payment","2025-01-10 04:25:09.018604","2025-01-10 04:25:09.018604"
"296","875","Phone","2408","Payment","2025-01-08 21:37:18.771306","2025-01-08 21:37:18.771306"
"297","748","Phone","3001","Payment","2025-01-14 20:29:19.167315","2025-01-14 20:29:19.167315"
"298","901","Phone","3780","Payment","2025-01-15 00:46:01.059298","2025-01-15 00:46:01.059298"
"299","527","Phone","6310","Payment","2025-01-17 13:36:30.918414","2025-01-17 13:36:30.918414"
"300","628","Phone","5020","Payment","2025-01-18 19:27:47.892297","2025-01-18 19:27:47.892297"
"301","747","Phone","2653","Payment","2025-01-10 10:12:00.770551","2025-01-10 10:12:00.770551"
"302","631","Phone","5762","Payment","2025-01-09 12:18:19.777933","2025-01-09 12:18:19.777933"
"303","628","Phone","4667","Payment","2025-01-22 14:16:09.025152","2025-01-22 14:16:09.025152"
"304","270","Phone","3187","Payment","2025-01-09 08:10:21.365595","2025-01-09 08:10:21.365595"
"305","563","Phone","4420","Payment","2025-01-09 21:53:23.439928","2025-01-09 21:53:23.439928"
"306","70","Phone","2962","Payment","2025-01-23 00:50:20.437744","2025-01-23 00:50:20.437744"
"307","856","Phone","6816","Payment","2025-01-14 06:25:22.952772","2025-01-14 06:25:22.952772"
"308","175","Phone","2043","Payment","2025-01-21 18:19:00.018671","2025-01-21 18:19:00.018671"
"309","14","Phone","1729","Payment","2025-01-03 12:58:09.871395","2025-01-03 12:58:09.871395"
"310","927","Phone","2564","Payment","2025-01-18 17:34:23.832441","2025-01-18 17:34:23.832441"
"311","892","Phone","876","Payment","2025-01-01 19:11:23.385189","2025-01-01 19:11:23.385189"
"312","887","Phone","6273","Payment","2025-01-05 22:13:56.010156","2025-01-05 22:13:56.010156"
"313","896","Phone","3448","Payment","2025-01-05 04:32:41.160176","2025-01-05 04:32:41.160176"
"314","910","Phone","2881","Payment","2025-01-18 01:30:09.089242","2025-01-18 01:30:09.089242"
"315","164","Phone","1781","Payment","2025-01-01 19:44:24.626288","2025-01-01 19:44:24.626288"
"316","678","Phone","6245","Payment","2025-01-19 18:21:08.086054","2025-01-19 18:21:08.086054"
"317","322","Phone","1726","Payment","2025-01-03 01:59:50.031318","2025-01-03 01:59:50.031318"
"318","62","Phone","4555","Payment","2025-01-05 04:54:41.201682","2025-01-05 04:54:41.201682"
"319","762","Phone","6364","Payment","2025-01-23 06:43:36.554023","2025-01-23 06:43:36.554023"
"320","90","Phone","4403","Payment","2025-01-01 20:41:43.352563","2025-01-01 20:41:43.352563"
"321","729","Phone","5002","Payment","2025-01-12 02:47:30.066849","2025-01-12 02:47:30.066849"
"322","412","Phone","5346","Payment","2025-01-20 09:45:26.937772","2025-01-20 09:45:26.937772"
"323","55","Phone","5766","Payment","2025-01-18 09:42:52.384619","2025-01-18 09:42:52.384619"
"324","840","Phone","3529","Payment","2025-01-01 11:26:49.183341","2025-01-01 11:26:49.183341"
"325","850","Phone","2233","Payment","2025-01-16 19:47:08.330578","2025-01-16 19:47:08.330578"
"326","816","Phone","5587","Payment","2025-01-11 23:54:01.137452","2025-01-11 23:54:01.137452"
"327","115","Phone","6885","Payment","2025-01-02 15:38:43.817067","2025-01-02 15:38:43.817067"
"328","403","Phone","2167","Payment","2025-01-14 15:16:34.148015","2025-01-14 15:16:34.148015"
"329","763","Phone","6151","Payment","2025-01-17 04:20:41.671808","2025-01-17 04:20:41.671808"
"330","348","Phone","616","Payment","2025-01-16 21:53:30.649823","2025-01-16 21:53:30.649823"
"331","355","Phone","3279","Payment","2025-01-03 18:52:41.647703","2025-01-03 18:52:41.647703"
"332","288","Phone","6715","Payment","2025-01-03 04:12:21.923860","2025-01-03 04:12:21.923860"
"333","382","Phone","3129","Payment","2025-01-08 00:35:39.605128","2025-01-08 00:35:39.605128"
"334","620","Phone","2915","Payment","2025-01-21 05:24:02.530754","2025-01-21 05:24:02.530754"
"335","235","Phone","6652","Payment","2025-01-06 17:18:45.940913","2025-01-06 17:18:45.940913"
"336","720","Phone","2324","Payment","2025-01-20 22:56:40.712209","2025-01-20 22:56:40.712209"
"337","805","Phone","3147","Payment","2025-01-12 01:39:20.349166","2025-01-12 01:39:20.349166"
"338","770","Phone","1099","Payment","2025-01-21 18:19:10.467461","2025-01-21 18:19:10.467461"
"339","419","Phone","1421","Payment","2025-01-14 06:09:51.955831","2025-01-14 06:09:51.955831"
"340","610","Phone","360","Payment","2025-01-19 16:59:47.264198","2025-01-19 16:59:47.264198"
"341","351","Phone","4462","Payment","2025-01-05 20:09:16.492636","2025-01-05 20:09:16.492636"
"342","260","Phone","4701","Payment","2025-01-19 01:50:00.066075","2025-01-19 01:50:00.066075"
"343","810","Phone","995","Payment","2025-01-16 05:16:24.490664","2025-01-16 05:16:24.490664"
"344","840","Phone","1921","Payment","2025-01-22 03:36:24.230672","2025-01-22 03:36:24.230672"
"345","648","Phone","1320","Payment","2025-01-13 20:24:47.809587","2025-01-13 20:24:47.809587"
"346","558","Phone","4039","Payment","2025-01-05 07:58:24.733814","2025-01-05 07:58:24.733814"
"347","527","Phone","5212","Payment","2025-01-08 16:55:01.549074","2025-01-08 16:55:01.549074"
"348","798","Phone","6655","Payment","2025-01-16 15:47:07.159641","2025-01-16 15:47:07.159641"
"349","269","Phone","6993","Payment","2025-01-15 02:44:06.060274","2025-01-15 02:44:06.060274"
"350","608","Phone","6319","Payment","2025-01-23 05:29:17.660305","2025-01-23 05:29:17.660305"
"351","791","Phone","6311","Payment","2025-01-13 11:29:23.152890","2025-01-13 11:29:23.152890"
"352","347","Phone","4790","Payment","2025-01-22 16:30:52.035162","2025-01-22 16:30:52.035162"
"353","164","Phone","444","Payment","2025-01-03 13:01:22.776664","2025-01-03 13:01:22.776664"
"354","456","Phone","427","Payment","2025-01-16 11:09:21.412159","2025-01-16 11:09:21.412159"
"355","65","Phone","3333","Payment","2025-01-03 09:21:33.947011","2025-01-03 09:21:33.947011"
"356","59","Phone","4838","Payment","2025-01-04 05:17:30.143355","2025-01-04 05:17:30.143355"
"357","35","Phone","1666","Payment","2025-01-09 22:33:02.709648","2025-01-09 22:33:02.709648"
"358","405","Phone","2958","Payment","2025-01-07 13:35:16.325919","2025-01-07 13:35:16.325919"
"359","202","Phone","4639","Payment","2025-01-14 05:36:19.333745","2025-01-14 05:36:19.333745"
"360","320","Phone","2539","Payment","2025-01-16 04:56:55.149341","2025-01-16 04:56:55.149341"
"361","241","Phone","215","Payment","2025-01-12 03:33:46.999937","2025-01-12 03:33:46.999937"
"362","275","Phone","3036","Payment","2025-01-05 03:52:27.794784","2025-01-05 03:52:27.794784"
"363","89","Phone","2385","Payment","2025-01-09 21:43:39.233424","2025-01-09 21:43:39.233424"
"364","258","Phone","2187","Payment","2025-01-14 16:35:58.651769","2025-01-14 16:35:58.651769"
"365","904","Phone","4820","Payment","2025-01-02 22:14:17.810042","2025-01-02 22:14:17.810042"
"366","728","Phone","5901","Payment","2025-01-05 08:16:44.845866","2025-01-05 08:16:44.845866"
"367","806","Phone","600","Payment","2025-01-21 13:29:37.240402","2025-01-21 13:29:37.240402"
"368","707","Phone","6921","Payment","2025-01-03 20:26:26.250068","2025-01-03 20:26:26.250068"
"369","133","Phone","2531","Payment","2025-01-12 15:48:00.147082","2025-01-12 15:48:00.147082"
"370","197","Phone","6068","Payment","2025-01-01 20:31:45.731774","2025-01-01 20:31:45.731774"
"371","776","Phone","5529","Payment","2025-01-11 07:56:04.643430","2025-01-11 07:56:04.643430"
"372","377","Phone","1320","Payment","2025-01-08 12:16:30.057057","2025-01-08 12:16:30.057057"
"373","570","Phone","2838","Payment","2025-01-08 13:47:06.925628","2025-01-08 13:47:06.925628"
"374","402","Phone","3726","Payment","2025-01-07 18:24:29.659219","2025-01-07 18:24:29.659219"
"375","833","Phone","6615","Payment","2025-01-01 12:36:01.124024","2025-01-01 12:36:01.124024"
"376","217","Phone","519","Payment","2025-01-11 23:56:03.522041","2025-01-11 23:56:03.522041"
"377","542","Phone","2052","Payment","2025-01-07 06:05:14.880039","2025-01-07 06:05:14.880039"
"378","59","Phone","5318","Payment","2025-01-04 09:42:21.012923","2025-01-04 09:42:21.012923"
"379","382","Phone","1532","Payment","2025-01-12 07:56:22.115581","2025-01-12 07:56:22.115581"
"380","186","Phone","6525","Payment","2025-01-13 06:49:17.306786","2025-01-13 06:49:17.306786"
"381","69","Phone","1021","Payment","2025-01-05 19:53:48.823415","2025-01-05 19:53:48.823415"
"382","709","Phone","5698","Payment","2025-01-04 14:56:51.370031","2025-01-04 14:56:51.370031"
"383","15","Phone","3257","Payment","2025-01-15 03:43:36.820053","2025-01-15 03:43:36.820053"
"384","62","Phone","3739","Payment","2025-01-20 23:34:08.370984","2025-01-20 23:34:08.370984"
"385","240","Phone","582","Payment","2025-01-04 18:37:20.915808","2025-01-04 18:37:20.915808"
"386","391","Phone","2849","Payment","2025-01-03 12:41:51.021559","2025-01-03 12:41:51.021559"
"387","462","Phone","4282","Payment","2025-01-22 21:11:07.126709","2025-01-22 21:11:07.126709"
"388","139","Phone","1737","Payment","2025-01-03 15:27:30.270968","2025-01-03 15:27:30.270968"
"389","743","Phone","1300","Payment","2025-01-20 16:02:55.734121","2025-01-20 16:02:55.734121"
"390","492","Phone","3143","Payment","2025-01-10 07:26:51.665709","2025-01-10 07:26:51.665709"
"391","847","Phone","5129","Payment","2025-01-15 21:08:09.108226","2025-01-15 21:08:09.108226"
"392","629","Phone","3337","Payment","2025-01-21 19:27:23.400869","2025-01-21 19:27:23.400869"
"393","33","Phone","1654","Payment","2025-01-16 17:17:51.416704","2025-01-16 17:17:51.416704"
"394","779","Phone","1055","Payment","2025-01-09 09:33:45.228765","2025-01-09 09:33:45.228765"
"395","47","Phone","3140","Payment","2025-01-15 18:55:13.818384","2025-01-15 18:55:13.818384"
"396","795","Phone","2020","Payment","2025-01-10 22:10:14.209067","2025-01-10 22:10:14.209067"
"397","680","Phone","5274","Payment","2025-01-19 19:07:23.016238","2025-01-19 19:07:23.016238"
"398","391","Phone","2977","Payment","2025-01-22 20:56:49.854494","2025-01-22 20:56:49.854494"
"399","523","Phone","5397","Payment","2025-01-04 03:08:19.117703","2025-01-04 03:08:19.117703"
"400","194","Phone","985","Payment","2025-01-15 00:41:22.367562","2025-01-15 00:41:22.367562"
"401","458","Phone","4314","Payment","2025-01-02 04:15:11.956283","2025-01-02 04:15:11.956283"
"402","295","Phone","1987","Payment","2025-01-07 03:16:18.577541","2025-01-07 03:16:18.577541"
"403","640","Phone","6073","Payment","2025-01-22 20:16:55.770770","2025-01-22 20:16:55.770770"
"404","859","Phone","6748","Payment","2025-01-13 04:28:47.237207","2025-01-13 04:28:47.237207"
"405","809","Phone","1509","Payment","2025-01-12 07:49:07.839892","2025-01-12 07:49:07.839892"
"406","365","Phone","5480","Payment","2025-01-16 11:52:39.335619","2025-01-16 11:52:39.335619"
"407","395","Phone","4819","Payment","2025-01-15 14:18:15.231883","2025-01-15 14:18:15.231883"
"408","896","Phone","276","Payment","2025-01-17 06:38:26.919492","2025-01-17 06:38:26.919492"
"409","837","Phone","4292","Payment","2025-01-07 07:00:51.043151","2025-01-07 07:00:51.043151"
"410","826","Phone","2600","Payment","2025-01-08 08:55:11.339681","2025-01-08 08:55:11.339681"
"411","515","Phone","4754","Payment","2025-01-04 14:23:59.946507","2025-01-04 14:23:59.946507"
"412","303","Phone","5095","Payment","2025-01-15 20:44:46.911857","2025-01-15 20:44:46.911857"
"413","2","Phone","6160","Payment","2025-01-03 17:15:15.377876","2025-01-03 17:15:15.377876"
"414","216","Phone","382","Payment","2025-01-13 13:34:42.014440","2025-01-13 13:34:42.014440"
"415","186","Phone","53","Payment","2025-01-05 01:07:24.361696","2025-01-05 01:07:24.361696"
"416","552","Phone","4417","Payment","2025-01-07 15:28:25.960078","2025-01-07 15:28:25.960078"
"417","593","Phone","3661","Payment","2025-01-22 10:00:47.689328","2025-01-22 10:00:47.689328"
"418","832","Phone","5725","Payment","2025-01-06 18:45:46.500326","2025-01-06 18:45:46.500326"
"419","569","Phone","1174","Payment","2025-01-19 04:09:28.592509","2025-01-19 04:09:28.592509"
"420","824","Phone","2506","Payment","2025-01-15 22:03:22.756581","2025-01-15 22:03:22.756581"
"421","287","Phone","3819","Payment","2025-01-06 16:05:07.394453","2025-01-06 16:05:07.394453"
"422","663","Phone","4380","Payment","2025-01-22 09:17:55.396662","2025-01-22 09:17:55.396662"
"423","713","Phone","5275","Payment","2025-01-16 07:37:54.739654","2025-01-16 07:37:54.739654"
"424","184","Phone","6732","Payment","2025-01-13 15:52:36.178389","2025-01-13 15:52:36.178389"
"425","691","Phone","6525","Payment","2025-01-10 09:49:17.446370","2025-01-10 09:49:17.446370"
"426","296","Phone","5985","Payment","2025-01-22 08:04:20.243828","2025-01-22 08:04:20.243828"
"427","261","Phone","6673","Payment","2025-01-18 02:50:15.886257","2025-01-18 02:50:15.886257"
"428","615","Phone","2608","Payment","2025-01-19 13:54:34.201019","2025-01-19 13:54:34.201019"
"429","666","Phone","6084","Payment","2025-01-18 17:04:34.343021","2025-01-18 17:04:34.343021"
"430","956","Phone","6524","Payment","2025-01-04 19:51:56.496412","2025-01-04 19:51:56.496412"
"431","170","Phone","1368","Payment","2025-01-15 07:22:08.121991","2025-01-15 07:22:08.121991"
"432","211","Phone","5345","Payment","2025-01-06 23:38:25.347404","2025-01-06 23:38:25.347404"
"433","899","Phone","3693","Payment","2025-01-11 18:07:50.966460","2025-01-11 18:07:50.966460"
"434","383","Phone","4199","Payment","2025-01-21 12:43:18.678001","2025-01-21 12:43:18.678001"
"435","362","Phone","75","Payment","2025-01-10 02:44:01.504976","2025-01-10 02:44:01.504976"
"436","919","Phone","5720","Payment","2025-01-08 13:04:05.654755","2025-01-08 13:04:05.654755"
"437","456","Phone","2136","Payment","2025-01-13 02:02:02.097965","2025-01-13 02:02:02.097965"
"438","655","Phone","793","Payment","2025-01-08 01:34:05.997522","2025-01-08 01:34:05.997522"
"439","523","Phone","4907","Payment","2025-01-14 11:40:34.751154","2025-01-14 11:40:34.751154"
"440","449","Phone","4412","Payment","2025-01-15 17:30:56.143694","2025-01-15 17:30:56.143694"
"441","93","Phone","3186","Payment","2025-01-14 14:35:39.682403","2025-01-14 14:35:39.682403"
"442","414","Phone","554","Payment","2025-01-21 18:38:01.146535","2025-01-21 18:38:01.146535"
"443","661","Phone","6465","Payment","2025-01-07 16:31:57.378102","2025-01-07 16:31:57.378102"
"444","121","Phone","239","Payment","2025-01-18 12:50:16.007858","2025-01-18 12:50:16.007858"
"445","168","Phone","3725","Payment","2025-01-13 21:44:24.784793","2025-01-13 21:44:24.784793"
"446","94","Phone","6226","Payment","2025-01-19 00:18:54.997514","2025-01-19 00:18:54.997514"
"447","835","Phone","6156","Payment","2025-01-09 02:43:09.332669","2025-01-09 02:43:09.332669"
"448","52","Phone","2318","Payment","2025-01-08 15:39:47.480984","2025-01-08 15:39:47.480984"
"449","909","Phone","6568","Payment","2025-01-02 09:01:26.743847","2025-01-02 09:01:26.743847"
"450","98","Phone","3482","Payment","2025-01-04 13:38:53.090143","2025-01-04 13:38:53.090143"
"451","958","Phone","2736","Payment","2025-01-14 23:14:47.401344","2025-01-14 23:14:47.401344"
"452","117","Phone","1714","Payment","2025-01-09 21:39:54.267693","2025-01-09 21:39:54.267693"
"453","555","Phone","4890","Payment","2025-01-02 02:17:20.762790","2025-01-02 02:17:20.762790"
"454","331","Phone","2392","Payment","2025-01-19 11:59:29.150662","2025-01-19 11:59:29.150662"
"455","874","Phone","728","Payment","2025-01-12 06:51:19.033331","2025-01-12 06:51:19.033331"
"456","520","Phone","4098","Payment","2025-01-09 05:08:15.164630","2025-01-09 05:08:15.164630"
"457","906","Phone","2403","Payment","2025-01-21 12:13:14.405192","2025-01-21 12:13:14.405192"
"458","500","Phone","1524","Payment","2025-01-10 12:24:38.383476","2025-01-10 12:24:38.383476"
"459","148","Phone","2182","Payment","2025-01-04 10:28:47.931683","2025-01-04 10:28:47.931683"
"460","867","Phone","4203","Payment","2025-01-08 04:34:19.710286","2025-01-08 04:34:19.710286"
"461","257","Phone","757","Payment","2025-01-20 15:06:55.231944","2025-01-20 15:06:55.231944"
"462","804","Phone","3452","Payment","2025-01-05 07:41:15.604388","2025-01-05 07:41:15.604388"
"463","938","Phone","908","Payment","2025-01-15 07:26:01.790160","2025-01-15 07:26:01.790160"
"464","867","Phone","3747","Payment","2025-01-22 05:58:23.224230","2025-01-22 05:58:23.224230"
"465","886","Phone","4052","Payment","2025-01-07 04:31:47.378906","2025-01-07 04:31:47.378906"
"466","910","Phone","3748","Payment","2025-01-15 14:08:47.815353","2025-01-15 14:08:47.815353"
"467","712","Phone","2552","Payment","2025-01-07 17:22:39.612265","2025-01-07 17:22:39.612265"
"468","137","Phone","808","Payment","2025-01-12 00:07:17.055959","2025-01-12 00:07:17.055959"
"469","26","Phone","4476","Payment","2025-01-13 10:54:30.113031","2025-01-13 10:54:30.113031"
"470","255","Phone","5782","Payment","2025-01-03 03:42:31.519612","2025-01-03 03:42:31.519612"
"471","858","Phone","5211","Payment","2025-01-01 09:15:31.885735","2025-01-01 09:15:31.885735"
"472","752","Phone","4533","Payment","2025-01-03 20:58:01.611144","2025-01-03 20:58:01.611144"
"473","37","Phone","2968","Payment","2025-01-22 15:20:56.103214","2025-01-22 15:20:56.103214"
"474","472","Phone","709","Payment","2025-01-09 05:32:46.273740","2025-01-09 05:32:46.273740"
"475","544","Phone","6905","Payment","2025-01-12 05:56:24.002486","2025-01-12 05:56:24.002486"
"476","413","Phone","1143","Payment","2025-01-04 09:27:19.121230","2025-01-04 09:27:19.121230"
"477","432","Phone","4238","Payment","2025-01-21 13:40:39.401982","2025-01-21 13:40:39.401982"
"478","21","Phone","6553","Payment","2025-01-02 14:45:51.211808","2025-01-02 14:45:51.211808"
"479","383","Phone","5639","Payment","2025-01-07 09:12:35.526949","2025-01-07 09:12:35.526949"
"480","568","Phone","327","Payment","2025-01-04 09:31:27.619760","2025-01-04 09:31:27.619760"
"481","35","Phone","3840","Payment","2025-01-09 15:36:06.129813","2025-01-09 15:36:06.129813"
"482","770","Phone","4937","Payment","2025-01-09 06:23:34.834690","2025-01-09 06:23:34.834690"
"483","540","Phone","5966","Payment","2025-01-12 18:17:00.687127","2025-01-12 18:17:00.687127"
"484","113","Phone","3168","Payment","2025-01-15 05:45:18.770111","2025-01-15 05:45:18.770111"
"485","746","Phone","6682","Payment","2025-01-22 14:31:24.187772","2025-01-22 14:31:24.187772"
"486","195","Phone","597","Payment","2025-01-21 13:43:36.162199","2025-01-21 13:43:36.162199"
"487","361","Phone","5984","Payment","2025-01-01 10:10:24.443083","2025-01-01 10:10:24.443083"
"488","240","Phone","2416","Payment","2025-01-21 20:22:34.503252","2025-01-21 20:22:34.503252"
"489","403","Phone","6199","Payment","2025-01-10 02:43:11.378810","2025-01-10 02:43:11.378810"
"490","201","Phone","1992","Payment","2025-01-09 01:30:42.899588","2025-01-09 01:30:42.899588"
"491","815","Phone","107","Payment","2025-01-21 21:17:06.978093","2025-01-21 21:17:06.978093"
"492","929","Phone","6355","Payment","2025-01-17 07:55:50.827173","2025-01-17 07:55:50.827173"
"493","932","Phone","4067","Payment","2025-01-15 23:54:44.447233","2025-01-15 23:54:44.447233"
"494","224","Phone","5860","Payment","2025-01-10 21:34:29.716538","2025-01-10 21:34:29.716538"
"495","88","Phone","3108","Payment","2025-01-09 23:56:27.905997","2025-01-09 23:56:27.905997"
"496","826","Phone","4566","Payment","2025-01-20 03:16:09.331043","2025-01-20 03:16:09.331043"
"497","404","Phone","5326","Payment","2025-01-12 02:13:55.835158","2025-01-12 02:13:55.835158"
"498","434","Phone","4772","Payment","2025-01-01 05:13:45.213386","2025-01-01 05:13:45.213386"
"499","450","Phone","6987","Payment","2025-01-19 09:41:53.453255","2025-01-19 09:41:53.453255"
"500","319","Phone","5014","Payment","2025-01-19 06:20:10.804937","2025-01-19 06:20:10.804937"
"501","934","Phone","5340","Payment","2025-01-05 16:21:21.563166","2025-01-05 16:21:21.563166"
"502","379","Phone","3692","Payment","2025-01-18 08:45:20.181153","2025-01-18 08:45:20.181153"
"503","647","Phone","2197","Payment","2025-01-06 18:00:56.549590","2025-01-06 18:00:56.549590"
"504","607","Phone","2623","Payment","2025-01-16 18:55:04.936951","2025-01-16 18:55:04.936951"
"505","790","Phone","952","Payment","2025-01-04 20:30:00.342004","2025-01-04 20:30:00.342004"
"506","390","Phone","2749","Payment","2025-01-22 20:05:12.112961","2025-01-22 20:05:12.112961"
"507","170","Phone","3404","Payment","2025-01-10 06:52:36.019963","2025-01-10 06:52:36.019963"
"508","468","Phone","3852","Payment","2025-01-04 20:01:24.827710","2025-01-04 20:01:24.827710"
"509","60","Phone","893","Payment","2025-01-05 20:12:47.716917","2025-01-05 20:12:47.716917"
"510","18","Phone","5206","Payment","2025-01-16 01:00:52.421688","2025-01-16 01:00:52.421688"
"511","863","Phone","2316","Payment","2025-01-17 19:27:14.779963","2025-01-17 19:27:14.779963"
"512","295","Phone","2786","Payment","2025-01-02 09:44:49.189727","2025-01-02 09:44:49.189727"
"513","909","Phone","5727","Payment","2025-01-21 18:11:45.508013","2025-01-21 18:11:45.508013"
"514","326","Phone","3449","Payment","2025-01-12 07:55:53.331152","2025-01-12 07:55:53.331152"
"515","360","Phone","4418","Payment","2025-01-03 07:03:40.750059","2025-01-03 07:03:40.750059"
"516","128","Phone","4880","Payment","2025-01-21 09:41:28.304499","2025-01-21 09:41:28.304499"
"517","681","Phone","3563","Payment","2025-01-06 21:46:42.145587","2025-01-06 21:46:42.145587"
"518","70","Phone","3222","Payment","2025-01-12 10:00:32.211828","2025-01-12 10:00:32.211828"
"519","297","Phone","1103","Payment","2025-01-19 15:59:37.147487","2025-01-19 15:59:37.147487"
"520","517","Phone","6506","Payment","2025-01-16 19:22:16.802935","2025-01-16 19:22:16.802935"
"521","831","Phone","4718","Payment","2025-01-16 07:51:13.639480","2025-01-16 07:51:13.639480"
"522","138","Phone","1243","Payment","2025-01-15 03:22:26.562423","2025-01-15 03:22:26.562423"
"523","451","Phone","3080","Payment","2025-01-06 06:55:44.627788","2025-01-06 06:55:44.627788"
"524","715","Phone","5745","Payment","2025-01-21 13:54:52.143500","2025-01-21 13:54:52.143500"
"525","859","Phone","6759","Payment","2025-01-14 02:39:49.091848","2025-01-14 02:39:49.091848"
"526","518","Phone","3218","Payment","2025-01-20 23:31:01.948835","2025-01-20 23:31:01.948835"
"527","528","Phone","3101","Payment","2025-01-15 12:38:45.013144","2025-01-15 12:38:45.013144"
"528","453","Phone","3573","Payment","2025-01-21 11:39:49.464074","2025-01-21 11:39:49.464074"
"529","682","Phone","61","Payment","2025-01-15 12:28:06.433426","2025-01-15 12:28:06.433426"
"530","525","Phone","6161","Payment","2025-01-22 09:32:13.560860","2025-01-22 09:32:13.560860"
"531","332","Phone","1118","Payment","2025-01-14 02:23:59.558977","2025-01-14 02:23:59.558977"
"532","940","Phone","6035","Payment","2025-01-17 19:25:04.280451","2025-01-17 19:25:04.280451"
"533","508","Phone","3979","Payment","2025-01-16 11:31:25.737247","2025-01-16 11:31:25.737247"
"534","126","Phone","5398","Payment","2025-01-16 11:03:01.586383","2025-01-16 11:03:01.586383"
"535","209","Phone","4029","Payment","2025-01-07 09:13:24.689503","2025-01-07 09:13:24.689503"
"536","462","Phone","4501","Payment","2025-01-07 11:22:07.993879","2025-01-07 11:22:07.993879"
"537","413","Phone","4282","Payment","2025-01-05 03:34:33.599259","2025-01-05 03:34:33.599259"
"538","609","Phone","1445","Payment","2025-01-14 00:20:09.578027","2025-01-14 00:20:09.578027"
"539","227","Phone","3744","Payment","2025-01-01 04:54:50.065708","2025-01-01 04:54:50.065708"
"540","312","Phone","6104","Payment","2025-01-11 23:51:02.139162","2025-01-11 23:51:02.139162"
"541","254","Phone","6870","Payment","2025-01-10 09:39:24.783919","2025-01-10 09:39:24.783919"
"542","527","Phone","2025","Payment","2025-01-13 17:25:26.253105","2025-01-13 17:25:26.253105"
"543","255","Phone","4995","Payment","2025-01-06 17:54:51.811487","2025-01-06 17:54:51.811487"
"544","557","Phone","6636","Payment","2025-01-11 05:35:08.533480","2025-01-11 05:35:08.533480"
"545","67","Phone","5134","Payment","2025-01-06 03:07:40.085843","2025-01-06 03:07:40.085843"
"546","667","Phone","6615","Payment","2025-01-16 12:21:16.187618","2025-01-16 12:21:16.187618"
"547","865","Phone","1129","Payment","2025-01-03 17:11:52.823950","2025-01-03 17:11:52.823950"
"548","891","Phone","2019","Payment","2025-01-04 08:13:55.448094","2025-01-04 08:13:55.448094"
"549","426","Phone","1227","Payment","2025-01-09 15:12:35.294830","2025-01-09 15:12:35.294830"
"550","21","Phone","3293","Payment","2025-01-13 23:31:58.883679","2025-01-13 23:31:58.883679"
"551","756","Phone","4492","Payment","2025-01-17 11:10:31.141104","2025-01-17 11:10:31.141104"
"552","318","Phone","3569","Payment","2025-01-16 11:21:17.182614","2025-01-16 11:21:17.182614"
"553","553","Phone","503","Payment","2025-01-23 09:08:53.389054","2025-01-23 09:08:53.389054"
"554","754","Phone","2887","Payment","2025-01-08 14:41:12.186287","2025-01-08 14:41:12.186287"
"555","86","Phone","24","Payment","2025-01-22 18:23:29.719569","2025-01-22 18:23:29.719569"
"556","217","Phone","1634","Payment","2025-01-07 07:40:43.287846","2025-01-07 07:40:43.287846"
"557","92","Phone","6528","Payment","2025-01-13 16:23:43.108405","2025-01-13 16:23:43.108405"
"558","621","Phone","6947","Payment","2025-01-16 19:18:55.019662","2025-01-16 19:18:55.019662"
"559","50","Phone","4305","Payment","2025-01-15 14:53:37.299971","2025-01-15 14:53:37.299971"
"560","417","Phone","2317","Payment","2025-01-02 23:20:29.129918","2025-01-02 23:20:29.129918"
"561","431","Phone","4933","Payment","2025-01-01 21:34:20.871551","2025-01-01 21:34:20.871551"
"562","21","Phone","2820","Payment","2025-01-12 16:16:13.970073","2025-01-12 16:16:13.970073"
"563","181","Phone","5983","Payment","2025-01-22 20:34:33.069876","2025-01-22 20:34:33.069876"
"564","728","Phone","6758","Payment","2025-01-10 17:45:27.385875","2025-01-10 17:45:27.385875"
"565","321","Phone","6437","Payment","2025-01-06 02:18:18.844282","2025-01-06 02:18:18.844282"
"566","815","Phone","4270","Payment","2025-01-01 03:00:12.288127","2025-01-01 03:00:12.288127"
"567","402","Phone","5227","Payment","2025-01-11 13:24:08.428561","2025-01-11 13:24:08.428561"
"568","90","Phone","6411","Payment","2025-01-10 00:30:59.120536","2025-01-10 00:30:59.120536"
"569","706","Phone","3791","Payment","2025-01-07 07:33:25.554569","2025-01-07 07:33:25.554569"
"570","327","Phone","5682","Payment","2025-01-20 12:04:12.348948","2025-01-20 12:04:12.348948"
"571","481","Phone","6224","Payment","2025-01-11 19:29:45.542902","2025-01-11 19:29:45.542902"
"572","700","Phone","4403","Payment","2025-01-16 10:39:19.966583","2025-01-16 10:39:19.966583"
"573","571","Phone","5948","Payment","2025-01-03 06:15:32.904421","2025-01-03 06:15:32.904421"
"574","520","Phone","339","Payment","2025-01-06 23:22:40.770499","2025-01-06 23:22:40.770499"
"575","942","Phone","4053","Payment","2025-01-17 19:56:03.364344","2025-01-17 19:56:03.364344"
"576","824","Phone","6802","Payment","2025-01-09 23:25:31.405602","2025-01-09 23:25:31.405602"
"577","610","Phone","5292","Payment","2025-01-19 01:56:53.721301","2025-01-19 01:56:53.721301"
"578","786","Phone","6749","Payment","2025-01-01 04:22:19.387687","2025-01-01 04:22:19.387687"
"579","708","Phone","3527","Payment","2025-01-12 21:57:39.447991","2025-01-12 21:57:39.447991"
"580","667","Phone","1277","Payment","2025-01-13 02:11:30.988216","2025-01-13 02:11:30.988216"
"581","874","Phone","2873","Payment","2025-01-01 07:09:56.070475","2025-01-01 07:09:56.070475"
"582","665","Phone","4002","Payment","2025-01-04 16:17:55.791104","2025-01-04 16:17:55.791104"
"583","300","Phone","2575","Payment","2025-01-22 08:00:54.066250","2025-01-22 08:00:54.066250"
"584","296","Phone","3459","Payment","2025-01-17 05:20:14.095562","2025-01-17 05:20:14.095562"
"585","127","Phone","4094","Payment","2025-01-10 03:33:30.815516","2025-01-10 03:33:30.815516"
"586","910","Phone","1723","Payment","2025-01-21 16:45:23.318533","2025-01-21 16:45:23.318533"
"587","397","Phone","123","Payment","2025-01-18 21:25:50.782057","2025-01-18 21:25:50.782057"
"588","231","Phone","4625","Payment","2025-01-23 08:48:34.692162","2025-01-23 08:48:34.692162"
"589","440","Phone","6635","Payment","2025-01-17 01:58:40.411483","2025-01-17 01:58:40.411483"
"590","298","Phone","6825","Payment","2025-01-12 08:56:49.317448","2025-01-12 08:56:49.317448"
"591","317","Phone","4377","Payment","2025-01-07 16:06:29.515625","2025-01-07 16:06:29.515625"
"592","903","Phone","2543","Payment","2025-01-09 02:22:45.625037","2025-01-09 02:22:45.625037"
"593","407","Phone","6932","Payment","2025-01-16 10:37:47.057854","2025-01-16 10:37:47.057854"
"594","350","Phone","4234","Payment","2025-01-09 21:28:05.047729","2025-01-09 21:28:05.047729"
"595","940","Phone","6271","Payment","2025-01-22 05:07:09.504514","2025-01-22 05:07:09.504514"
"596","735","Phone","5524","Payment","2025-01-08 20:48:11.024061","2025-01-08 20:48:11.024061"
"597","506","Phone","5719","Payment","2025-01-21 16:12:02.094372","2025-01-21 16:12:02.094372"
"598","610","Phone","5409","Payment","2025-01-14 23:30:37.213015","2025-01-14 23:30:37.213015"
"599","356","Phone","4452","Payment","2025-01-07 10:51:15.580502","2025-01-07 10:51:15.580502"
"600","281","Phone","5899","Payment","2025-01-12 16:28:49.153038","2025-01-12 16:28:49.153038"
"601","647","Phone","6198","Payment","2025-01-20 22:18:42.378022","2025-01-20 22:18:42.378022"
"602","437","Phone","3338","Payment","2025-01-05 15:17:10.345853","2025-01-05 15:17:10.345853"
"603","575","Phone","937","Payment","2025-01-13 12:14:03.600059","2025-01-13 12:14:03.600059"
"604","130","Phone","4521","Payment","2025-01-13 02:57:56.985719","2025-01-13 02:57:56.985719"
"605","585","Phone","3628","Payment","2025-01-23 00:27:09.539292","2025-01-23 00:27:09.539292"
"606","547","Phone","2602","Payment","2025-01-06 20:45:16.467110","2025-01-06 20:45:16.467110"
"607","717","Phone","4216","Payment","2025-01-20 04:35:13.998001","2025-01-20 04:35:13.998001"
"608","132","Phone","2513","Payment","2025-01-06 23:00:00.199850","2025-01-06 23:00:00.199850"
"609","448","Phone","2922","Payment","2025-01-12 09:48:19.926326","2025-01-12 09:48:19.926326"
"610","450","Phone","6284","Payment","2025-01-08 10:42:59.343979","2025-01-08 10:42:59.343979"
"611","199","Phone","6719","Payment","2025-01-17 03:09:24.751935","2025-01-17 03:09:24.751935"
"612","258","Phone","1249","Payment","2025-01-20 13:29:31.249665","2025-01-20 13:29:31.249665"
"613","801","Phone","4249","Payment","2025-01-07 19:01:59.605973","2025-01-07 19:01:59.605973"
"614","723","Phone","3946","Payment","2025-01-11 16:07:01.043243","2025-01-11 16:07:01.043243"
"615","591","Phone","4033","Payment","2025-01-22 01:34:21.024371","2025-01-22 01:34:21.024371"
"616","241","Phone","5602","Payment","2025-01-11 11:51:15.830842","2025-01-11 11:51:15.830842"
"617","701","Phone","6533","Payment","2025-01-19 02:20:56.794931","2025-01-19 02:20:56.794931"
"618","526","Phone","2060","Payment","2025-01-06 22:47:56.255947","2025-01-06 22:47:56.255947"
"619","430","Phone","2826","Payment","2025-01-15 22:54:22.643005","2025-01-15 22:54:22.643005"
"620","705","Phone","4630","Payment","2025-01-07 00:14:43.689503","2025-01-07 00:14:43.689503"
"621","867","Phone","3080","Payment","2025-01-13 22:12:53.832363","2025-01-13 22:12:53.832363"
"622","599","Phone","2160","Payment","2025-01-06 15:01:28.895302","2025-01-06 15:01:28.895302"
"623","490","Phone","3541","Payment","2025-01-20 18:06:04.763370","2025-01-20 18:06:04.763370"
"624","790","Phone","5232","Payment","2025-01-16 02:21:38.911542","2025-01-16 02:21:38.911542"
"625","602","Phone","6986","Payment","2025-01-14 22:19:28.852282","2025-01-14 22:19:28.852282"
"626","21","Phone","4871","Payment","2025-01-18 02:21:16.619030","2025-01-18 02:21:16.619030"
"627","404","Phone","2943","Payment","2025-01-17 20:20:10.518119","2025-01-17 20:20:10.518119"
"628","371","Phone","6150","Payment","2025-01-17 00:38:15.134638","2025-01-17 00:38:15.134638"
"629","31","Phone","3747","Payment","2025-01-23 08:23:03.510826","2025-01-23 08:23:03.510826"
"630","651","Phone","473","Payment","2025-01-22 17:26:18.662462","2025-01-22 17:26:18.662462"
"631","50","Phone","1344","Payment","2025-01-18 20:08:58.696241","2025-01-18 20:08:58.696241"
"632","559","Phone","2969","Payment","2025-01-05 07:37:04.149388","2025-01-05 07:37:04.149388"
"633","181","Phone","4194","Payment","2025-01-15 03:39:52.599036","2025-01-15 03:39:52.599036"
"634","893","Phone","1201","Payment","2025-01-18 08:29:35.864942","2025-01-18 08:29:35.864942"
"635","212","Phone","5617","Payment","2025-01-09 03:25:30.401386","2025-01-09 03:25:30.401386"
"636","486","Phone","4883","Payment","2025-01-13 20:20:37.392742","2025-01-13 20:20:37.392742"
"637","928","Phone","5975","Payment","2025-01-07 16:23:40.673756","2025-01-07 16:23:40.673756"
"638","772","Phone","642","Payment","2025-01-06 16:51:50.755087","2025-01-06 16:51:50.755087"
"639","343","Phone","1643","Payment","2025-01-02 11:29:13.862948","2025-01-02 11:29:13.862948"
"640","202","Phone","4869","Payment","2025-01-08 12:09:48.084796","2025-01-08 12:09:48.084796"
"641","146","Phone","4019","Payment","2025-01-08 15:19:26.040552","2025-01-08 15:19:26.040552"
"642","357","Phone","1382","Payment","2025-01-12 18:47:44.090256","2025-01-12 18:47:44.090256"
"643","372","Phone","5453","Payment","2025-01-15 00:31:00.350848","2025-01-15 00:31:00.350848"
"644","840","Phone","2992","Payment","2025-01-23 10:39:07.724368","2025-01-23 10:39:07.724368"
"645","730","Phone","1270","Payment","2025-01-08 19:26:35.966058","2025-01-08 19:26:35.966058"
"646","321","Phone","33","Payment","2025-01-05 04:47:27.617101","2025-01-05 04:47:27.617101"
"647","69","Phone","2194","Payment","2025-01-15 14:15:43.843104","2025-01-15 14:15:43.843104"
"648","211","Phone","5437","Payment","2025-01-14 00:27:36.527151","2025-01-14 00:27:36.527151"
"649","71","Phone","134","Payment","2025-01-14 16:11:37.218071","2025-01-14 16:11:37.218071"
"650","784","Phone","898","Payment","2025-01-08 15:18:05.299719","2025-01-08 15:18:05.299719"
"651","781","Phone","6793","Payment","2025-01-12 12:58:36.802956","2025-01-12 12:58:36.802956"
"652","650","Phone","6391","Payment","2025-01-11 09:26:35.508877","2025-01-11 09:26:35.508877"
"653","388","Phone","4860","Payment","2025-01-08 02:42:37.239936","2025-01-08 02:42:37.239936"
"654","512","Phone","3763","Payment","2025-01-08 18:32:08.177633","2025-01-08 18:32:08.177633"
"655","246","Phone","6622","Payment","2025-01-03 16:43:04.649097","2025-01-03 16:43:04.649097"
"656","272","Phone","4016","Payment","2025-01-03 15:47:05.231879","2025-01-03 15:47:05.231879"
"657","509","Phone","1430","Payment","2025-01-03 16:47:14.169147","2025-01-03 16:47:14.169147"
"658","717","Phone","6652","Payment","2025-01-14 13:43:23.876700","2025-01-14 13:43:23.876700"
"659","248","Phone","493","Payment","2025-01-19 17:33:17.558663","2025-01-19 17:33:17.558663"
"660","155","Phone","3094","Payment","2025-01-12 08:29:06.565914","2025-01-12 08:29:06.565914"
"661","798","Phone","4383","Payment","2025-01-05 07:55:50.748479","2025-01-05 07:55:50.748479"
"662","652","Phone","3156","Payment","2025-01-15 09:03:14.001112","2025-01-15 09:03:14.001112"
"663","959","Phone","4217","Payment","2025-01-18 10:27:07.102301","2025-01-18 10:27:07.102301"
"664","229","Phone","5687","Payment","2025-01-12 10:50:51.262218","2025-01-12 10:50:51.262218"
"665","795","Phone","6891","Payment","2025-01-09 20:58:42.295548","2025-01-09 20:58:42.295548"
"666","479","Phone","5066","Payment","2025-01-15 09:35:26.852689","2025-01-15 09:35:26.852689"
"667","810","Phone","5852","Payment","2025-01-09 06:36:39.158152","2025-01-09 06:36:39.158152"
"668","630","Phone","5692","Payment","2025-01-15 16:59:25.656392","2025-01-15 16:59:25.656392"
"669","745","Phone","2638","Payment","2025-01-14 00:53:20.723347","2025-01-14 00:53:20.723347"
"670","660","Phone","4299","Payment","2025-01-19 15:59:42.976694","2025-01-19 15:59:42.976694"
"671","592","Phone","6567","Payment","2025-01-06 22:56:05.179581","2025-01-06 22:56:05.179581"
"672","229","Phone","748","Payment","2025-01-10 13:45:45.134429","2025-01-10 13:45:45.134429"
"673","112","Phone","5197","Payment","2025-01-05 15:13:42.547569","2025-01-05 15:13:42.547569"
"674","182","Phone","4828","Payment","2025-01-14 10:11:26.832458","2025-01-14 10:11:26.832458"
"675","864","Phone","2337","Payment","2025-01-02 06:33:31.549252","2025-01-02 06:33:31.549252"
"676","134","Phone","139","Payment","2025-01-05 09:06:35.653127","2025-01-05 09:06:35.653127"
"677","470","Phone","2057","Payment","2025-01-16 00:46:32.946619","2025-01-16 00:46:32.946619"
"678","135","Phone","2800","Payment","2025-01-16 15:52:52.104422","2025-01-16 15:52:52.104422"
"679","531","Phone","901","Payment","2025-01-19 20:24:42.155148","2025-01-19 20:24:42.155148"
"680","318","Phone","2657","Payment","2025-01-20 20:51:12.175488","2025-01-20 20:51:12.175488"
"681","781","Phone","2116","Payment","2025-01-10 23:05:58.749500","2025-01-10 23:05:58.749500"
"682","668","Phone","1971","Payment","2025-01-16 09:53:50.835078","2025-01-16 09:53:50.835078"
"683","339","Phone","2343","Payment","2025-01-20 15:50:54.094599","2025-01-20 15:50:54.094599"
"684","353","Phone","3517","Payment","2025-01-06 03:25:14.164646","2025-01-06 03:25:14.164646"
"685","850","Phone","5437","Payment","2025-01-10 22:34:31.285160","2025-01-10 22:34:31.285160"
"686","858","Phone","604","Payment","2025-01-12 15:03:52.791681","2025-01-12 15:03:52.791681"
"687","207","Phone","6927","Payment","2025-01-21 05:25:35.397367","2025-01-21 05:25:35.397367"
"688","28","Phone","4541","Payment","2025-01-14 02:36:42.225183","2025-01-14 02:36:42.225183"
"689","504","Phone","1120","Payment","2025-01-05 12:05:01.392933","2025-01-05 12:05:01.392933"
"690","936","Phone","4457","Payment","2025-01-18 17:41:11.641219","2025-01-18 17:41:11.641219"
"691","21","Phone","6957","Payment","2025-01-02 14:23:33.227732","2025-01-02 14:23:33.227732"
"692","365","Phone","6743","Payment","2025-01-06 15:17:26.465590","2025-01-06 15:17:26.465590"
"693","707","Phone","3782","Payment","2025-01-06 23:40:49.656706","2025-01-06 23:40:49.656706"
"694","884","Phone","4493","Payment","2025-01-05 09:52:20.475241","2025-01-05 09:52:20.475241"
"695","277","Phone","3399","Payment","2025-01-20 09:16:51.326814","2025-01-20 09:16:51.326814"
"696","188","Phone","2883","Payment","2025-01-03 04:05:04.142393","2025-01-03 04:05:04.142393"
"697","904","Phone","3509","Payment","2025-01-09 19:55:04.555927","2025-01-09 19:55:04.555927"
"698","264","Phone","3495","Payment","2025-01-20 11:27:32.852594","2025-01-20 11:27:32.852594"
"699","401","Phone","841","Payment","2025-01-05 07:43:34.697136","2025-01-05 07:43:34.697136"
"700","278","Phone","3106","Payment","2025-01-03 14:35:56.146273","2025-01-03 14:35:56.146273"
"701","176","Phone","6647","Payment","2025-01-15 18:09:32.391490","2025-01-15 18:09:32.391490"
"702","411","Phone","5641","Payment","2025-01-13 14:09:32.905679","2025-01-13 14:09:32.905679"
"703","695","Phone","2793","Payment","2025-01-21 14:03:11.797901","2025-01-21 14:03:11.797901"
"704","230","Phone","3858","Payment","2025-01-14 11:39:18.260375","2025-01-14 11:39:18.260375"
"705","879","Phone","5269","Payment","2025-01-02 05:41:14.861938","2025-01-02 05:41:14.861938"
"706","126","Phone","56","Payment","2025-01-17 02:42:27.428594","2025-01-17 02:42:27.428594"
"707","27","Phone","2996","Payment","2025-01-19 00:23:04.707153","2025-01-19 00:23:04.707153"
"708","874","Phone","1113","Payment","2025-01-08 13:56:37.182365","2025-01-08 13:56:37.182365"
"709","257","Phone","5986","Payment","2025-01-14 19:39:43.619463","2025-01-14 19:39:43.619463"
"710","341","Phone","4890","Payment","2025-01-10 09:24:08.436567","2025-01-10 09:24:08.436567"
"711","64","Phone","3405","Payment","2025-01-18 22:54:57.156728","2025-01-18 22:54:57.156728"
"712","415","Phone","908","Payment","2025-01-14 04:11:13.149961","2025-01-14 04:11:13.149961"
"713","203","Phone","3893","Payment","2025-01-14 20:44:42.228191","2025-01-14 20:44:42.228191"
"714","544","Phone","4435","Payment","2025-01-03 09:42:04.313929","2025-01-03 09:42:04.313929"
"715","256","Phone","1491","Payment","2025-01-06 19:01:35.280312","2025-01-06 19:01:35.280312"
"716","191","Phone","5775","Payment","2025-01-04 12:31:48.356722","2025-01-04 12:31:48.356722"
"717","627","Phone","3249","Payment","2025-01-01 17:50:21.716790","2025-01-01 17:50:21.716790"
"718","712","Phone","166","Payment","2025-01-12 20:49:18.938381","2025-01-12 20:49:18.938381"
"719","1","Phone","448","Payment","2025-01-02 06:25:51.381193","2025-01-02 06:25:51.381193"
"720","683","Phone","3972","Payment","2025-01-17 19:23:01.681228","2025-01-17 19:23:01.681228"
"721","360","Phone","6812","Payment","2025-01-12 12:19:31.318580","2025-01-12 12:19:31.318580"
"722","170","Phone","428","Payment","2025-01-13 17:11:43.238026","2025-01-13 17:11:43.238026"
"723","886","Phone","5386","Payment","2025-01-12 04:19:13.867625","2025-01-12 04:19:13.867625"
"724","7","Phone","5233","Payment","2025-01-06 03:25:13.846157","2025-01-06 03:25:13.846157"
"725","736","Phone","928","Payment","2025-01-23 10:23:50.671744","2025-01-23 10:23:50.671744"
"726","289","Phone","6512","Payment","2025-01-11 15:03:31.515428","2025-01-11 15:03:31.515428"
"727","633","Phone","5986","Payment","2025-01-14 04:07:59.642204","2025-01-14 04:07:59.642204"
"728","187","Phone","287","Payment","2025-01-18 15:21:48.346910","2025-01-18 15:21:48.346910"
"729","634","Phone","1733","Payment","2025-01-08 13:49:28.255305","2025-01-08 13:49:28.255305"
"730","684","Phone","2106","Payment","2025-01-15 19:29:31.135429","2025-01-15 19:29:31.135429"
"731","515","Phone","4569","Payment","2025-01-01 22:29:39.476660","2025-01-01 22:29:39.476660"
"732","516","Phone","1948","Payment","2025-01-18 21:22:44.530807","2025-01-18 21:22:44.530807"
"733","616","Phone","3958","Payment","2025-01-21 01:17:34.091652","2025-01-21 01:17:34.091652"
"734","750","Phone","5366","Payment","2025-01-15 18:31:58.678860","2025-01-15 18:31:58.678860"
"735","168","Phone","6778","Payment","2025-01-11 20:06:27.571543","2025-01-11 20:06:27.571543"
"736","120","Phone","1923","Payment","2025-01-02 17:09:31.107668","2025-01-02 17:09:31.107668"
"737","717","Phone","5736","Payment","2025-01-16 05:26:08.860574","2025-01-16 05:26:08.860574"
"738","944","Phone","5802","Payment","2025-01-11 00:59:30.354553","2025-01-11 00:59:30.354553"
"739","730","Phone","4384","Payment","2025-01-16 19:19:00.093088","2025-01-16 19:19:00.093088"
"740","89","Phone","1364","Payment","2025-01-02 17:43:26.753042","2025-01-02 17:43:26.753042"
"741","500","Phone","6588","Payment","2025-01-10 12:06:37.883416","2025-01-10 12:06:37.883416"
"742","932","Phone","602","Payment","2025-01-11 19:13:36.011722","2025-01-11 19:13:36.011722"
"743","589","Phone","6762","Payment","2025-01-01 04:59:28.762069","2025-01-01 04:59:28.762069"
"744","312","Phone","2037","Payment","2025-01-20 05:11:19.669047","2025-01-20 05:11:19.669047"
"745","758","Phone","2764","Payment","2025-01-07 04:07:58.852638","2025-01-07 04:07:58.852638"
"746","656","Phone","31","Payment","2025-01-06 16:47:15.275380","2025-01-06 16:47:15.275380"
"747","537","Phone","5154","Payment","2025-01-03 15:59:02.970186","2025-01-03 15:59:02.970186"
"748","708","Phone","2494","Payment","2025-01-11 04:47:22.942213","2025-01-11 04:47:22.942213"
"749","632","Phone","5634","Payment","2025-01-17 18:34:21.103122","2025-01-17 18:34:21.103122"
"750","423","Phone","3606","Payment","2025-01-18 15:06:16.377429","2025-01-18 15:06:16.377429"
"751","910","Phone","101","Payment","2025-01-02 22:51:52.418284","2025-01-02 22:51:52.418284"
"752","287","Phone","4030","Payment","2025-01-04 09:06:42.873412","2025-01-04 09:06:42.873412"
"753","472","Phone","5820","Payment","2025-01-10 13:48:06.716722","2025-01-10 13:48:06.716722"
"754","53","Phone","2576","Payment","2025-01-04 04:52:43.154646","2025-01-04 04:52:43.154646"
"755","616","Phone","3622","Payment","2025-01-05 07:20:54.240634","2025-01-05 07:20:54.240634"
"756","883","Phone","4317","Payment","2025-01-02 19:08:46.146727","2025-01-02 19:08:46.146727"
"757","419","Phone","6280","Payment","2025-01-05 10:28:17.180225","2025-01-05 10:28:17.180225"
"758","616","Phone","1003","Payment","2025-01-11 09:05:39.565508","2025-01-11 09:05:39.565508"
"759","877","Phone","1575","Payment","2025-01-13 00:25:09.231857","2025-01-13 00:25:09.231857"
"760","213","Phone","455","Payment","2025-01-14 22:23:57.439157","2025-01-14 22:23:57.439157"
"761","432","Phone","87","Payment","2025-01-08 06:34:05.760460","2025-01-08 06:34:05.760460"
"762","60","Phone","1785","Payment","2025-01-15 12:08:01.989772","2025-01-15 12:08:01.989772"
"763","886","Phone","490","Payment","2025-01-07 18:24:58.795475","2025-01-07 18:24:58.795475"
"764","92","Phone","231","Payment","2025-01-05 20:37:13.546146","2025-01-05 20:37:13.546146"
"765","223","Phone","3092","Payment","2025-01-07 17:58:23.525997","2025-01-07 17:58:23.525997"
"766","70","Phone","324","Payment","2025-01-14 18:12:36.296317","2025-01-14 18:12:36.296317"
"767","157","Phone","1563","Payment","2025-01-17 05:53:06.391660","2025-01-17 05:53:06.391660"
"768","634","Phone","4056","Payment","2025-01-14 06:41:02.449702","2025-01-14 06:41:02.449702"
"769","513","Phone","3694","Payment","2025-01-15 20:55:50.782833","2025-01-15 20:55:50.782833"
"770","885","Phone","1712","Payment","2025-01-21 14:45:42.879313","2025-01-21 14:45:42.879313"
"771","13","Phone","5861","Payment","2025-01-14 11:24:05.769593","2025-01-14 11:24:05.769593"
"772","819","Phone","5636","Payment","2025-01-13 16:13:51.162224","2025-01-13 16:13:51.162224"
"773","545","Phone","4365","Payment","2025-01-20 18:02:14.467663","2025-01-20 18:02:14.467663"
"774","172","Phone","5506","Payment","2025-01-14 03:13:51.285504","2025-01-14 03:13:51.285504"
"775","849","Phone","6813","Payment","2025-01-21 19:23:24.415375","2025-01-21 19:23:24.415375"
"776","645","Phone","6760","Payment","2025-01-06 22:37:09.694865","2025-01-06 22:37:09.694865"
"777","542","Phone","4564","Payment","2025-01-14 02:55:25.454425","2025-01-14 02:55:25.454425"
"778","657","Phone","1451","Payment","2025-01-22 13:32:19.260062","2025-01-22 13:32:19.260062"
"779","254","Phone","2876","Payment","2025-01-23 01:47:15.314188","2025-01-23 01:47:15.314188"
"780","231","Phone","5220","Payment","2025-01-08 17:08:02.473964","2025-01-08 17:08:02.473964"
"781","245","Phone","6390","Payment","2025-01-22 10:44:46.505125","2025-01-22 10:44:46.505125"
"782","245","Phone","3265","Payment","2025-01-02 10:29:54.688256","2025-01-02 10:29:54.688256"
"783","348","Phone","6104","Payment","2025-01-21 10:46:54.655777","2025-01-21 10:46:54.655777"
"784","221","Phone","1587","Payment","2025-01-13 06:12:04.001669","2025-01-13 06:12:04.001669"
"785","756","Phone","913","Payment","2025-01-03 16:08:43.567364","2025-01-03 16:08:43.567364"
"786","769","Phone","2219","Payment","2025-01-22 13:32:07.294109","2025-01-22 13:32:07.294109"
"787","190","Phone","2493","Payment","2025-01-01 09:46:58.639664","2025-01-01 09:46:58.639664"
"788","583","Phone","5875","Payment","2025-01-06 22:51:58.816786","2025-01-06 22:51:58.816786"
"789","340","Phone","842","Payment","2025-01-05 14:26:34.086292","2025-01-05 14:26:34.086292"
"790","817","Phone","1497","Payment","2025-01-13 01:39:54.043086","2025-01-13 01:39:54.043086"
"791","422","Phone","2600","Payment","2025-01-15 03:33:22.285768","2025-01-15 03:33:22.285768"
"792","255","Phone","2872","Payment","2025-01-17 07:13:28.039551","2025-01-17 07:13:28.039551"
"793","63","Phone","5852","Payment","2025-01-12 20:56:57.934213","2025-01-12 20:56:57.934213"
"794","686","Phone","3106","Payment","2025-01-07 11:28:39.072525","2025-01-07 11:28:39.072525"
"795","343","Phone","4457","Payment","2025-01-11 20:00:10.265675","2025-01-11 20:00:10.265675"
"796","907","Phone","1959","Payment","2025-01-07 12:49:26.674625","2025-01-07 12:49:26.674625"
"797","941","Phone","6823","Payment","2025-01-03 00:48:27.968598","2025-01-03 00:48:27.968598"
"798","851","Phone","3697","Payment","2025-01-19 19:48:36.809041","2025-01-19 19:48:36.809041"
"799","46","Phone","3774","Payment","2025-01-14 18:50:36.134468","2025-01-14 18:50:36.134468"
"800","392","Phone","3339","Payment","2025-01-21 00:46:54.300448","2025-01-21 00:46:54.300448"
"801","436","Phone","3310","Payment","2025-01-07 11:19:23.539499","2025-01-07 11:19:23.539499"
"802","794","Phone","3489","Payment","2025-01-15 00:40:04.744545","2025-01-15 00:40:04.744545"
"803","367","Phone","2698","Payment","2025-01-13 04:27:19.431147","2025-01-13 04:27:19.431147"
"804","104","Phone","4198","Payment","2025-01-03 05:10:23.517040","2025-01-03 05:10:23.517040"
"805","312","Phone","3135","Payment","2025-01-05 05:39:45.737526","2025-01-05 05:39:45.737526"
"806","132","Phone","3389","Payment","2025-01-01 21:57:49.749255","2025-01-01 21:57:49.749255"
"807","432","Phone","609","Payment","2025-01-22 18:21:18.619434","2025-01-22 18:21:18.619434"
"808","201","Phone","2752","Payment","2025-01-20 01:09:16.978018","2025-01-20 01:09:16.978018"
"809","549","Phone","5169","Payment","2025-01-20 14:49:38.624857","2025-01-20 14:49:38.624857"
"810","383","Phone","3329","Payment","2025-01-17 04:13:47.482566","2025-01-17 04:13:47.482566"
"811","781","Phone","5938","Payment","2025-01-22 17:13:42.281826","2025-01-22 17:13:42.281826"
"812","804","Phone","3636","Payment","2025-01-08 03:22:43.142432","2025-01-08 03:22:43.142432"
"813","66","Phone","1720","Payment","2025-01-23 06:26:10.502628","2025-01-23 06:26:10.502628"
"814","60","Phone","2311","Payment","2025-01-06 07:58:40.775470","2025-01-06 07:58:40.775470"
"815","220","Phone","1044","Payment","2025-01-01 11:40:22.383672","2025-01-01 11:40:22.383672"
"816","493","Phone","1389","Payment","2025-01-07 11:07:02.976466","2025-01-07 11:07:02.976466"
"817","925","Phone","2134","Payment","2025-01-10 11:54:29.360946","2025-01-10 11:54:29.360946"
"818","722","Phone","2842","Payment","2025-01-23 03:03:29.531758","2025-01-23 03:03:29.531758"
"819","458","Phone","428","Payment","2025-01-21 13:55:19.597546","2025-01-21 13:55:19.597546"
"820","324","Phone","2368","Payment","2025-01-10 14:14:18.919112","2025-01-10 14:14:18.919112"
"821","522","Phone","3035","Payment","2025-01-13 00:49:12.153362","2025-01-13 00:49:12.153362"
"822","239","Phone","4243","Payment","2025-01-03 23:36:41.814439","2025-01-03 23:36:41.814439"
"823","724","Phone","1219","Payment","2025-01-03 09:56:29.424606","2025-01-03 09:56:29.424606"
"824","181","Phone","5589","Payment","2025-01-10 13:44:55.573402","2025-01-10 13:44:55.573402"
"825","341","Phone","5725","Payment","2025-01-11 07:22:48.268746","2025-01-11 07:22:48.268746"
"826","215","Phone","6643","Payment","2025-01-21 09:07:14.411667","2025-01-21 09:07:14.411667"
"827","258","Phone","245","Payment","2025-01-18 14:41:02.547049","2025-01-18 14:41:02.547049"
"828","361","Phone","4678","Payment","2025-01-21 04:12:09.734705","2025-01-21 04:12:09.734705"
"829","872","Phone","4929","Payment","2025-01-19 15:10:37.562735","2025-01-19 15:10:37.562735"
"830","787","Phone","4861","Payment","2025-01-10 10:32:48.545261","2025-01-10 10:32:48.545261"
"831","139","Phone","5656","Payment","2025-01-09 09:59:55.600903","2025-01-09 09:59:55.600903"
"832","585","Phone","5188","Payment","2025-01-10 10:06:11.720472","2025-01-10 10:06:11.720472"
"833","842","Phone","1078","Payment","2025-01-04 08:57:04.551729","2025-01-04 08:57:04.551729"
"834","423","Phone","3743","Payment","2025-01-14 21:28:05.680208","2025-01-14 21:28:05.680208"
"835","118","Phone","5232","Payment","2025-01-17 05:19:47.475535","2025-01-17 05:19:47.475535"
"836","98","Phone","2687","Payment","2025-01-08 19:13:54.021669","2025-01-08 19:13:54.021669"
"837","420","Phone","6815","Payment","2025-01-14 18:11:45.186964","2025-01-14 18:11:45.186964"
"838","381","Phone","3221","Payment","2025-01-01 12:44:49.242468","2025-01-01 12:44:49.242468"
"839","307","Phone","3255","Payment","2025-01-02 11:29:17.739013","2025-01-02 11:29:17.739013"
"840","137","Phone","6406","Payment","2025-01-22 01:23:30.196858","2025-01-22 01:23:30.196858"
"841","493","Phone","5437","Payment","2025-01-21 08:04:42.223586","2025-01-21 08:04:42.223586"
"842","417","Phone","3405","Payment","2025-01-19 00:58:05.556147","2025-01-19 00:58:05.556147"
"843","765","Phone","3820","Payment","2025-01-06 15:27:38.885878","2025-01-06 15:27:38.885878"
"844","764","Phone","1801","Payment","2025-01-18 06:30:31.412147","2025-01-18 06:30:31.412147"
"845","224","Phone","2056","Payment","2025-01-17 05:07:04.911420","2025-01-17 05:07:04.911420"
"846","402","Phone","372","Payment","2025-01-22 12:10:16.071355","2025-01-22 12:10:16.071355"
"847","388","Phone","1252","Payment","2025-01-22 13:51:48.084965","2025-01-22 13:51:48.084965"
"848","433","Phone","2350","Payment","2025-01-14 14:08:09.650260","2025-01-14 14:08:09.650260"
"849","730","Phone","6265","Payment","2025-01-14 03:49:59.855152","2025-01-14 03:49:59.855152"
"850","672","Phone","4938","Payment","2025-01-13 04:02:16.067294","2025-01-13 04:02:16.067294"
"851","808","Phone","1295","Payment","2025-01-14 06:01:14.322940","2025-01-14 06:01:14.322940"
"852","510","Phone","5436","Payment","2025-01-02 09:13:23.583149","2025-01-02 09:13:23.583149"
"853","231","Phone","2246","Payment","2025-01-23 00:34:01.800936","2025-01-23 00:34:01.800936"
"854","443","Phone","629","Payment","2025-01-09 09:19:31.398506","2025-01-09 09:19:31.398506"
"855","430","Phone","1466","Payment","2025-01-22 03:45:12.979695","2025-01-22 03:45:12.979695"
"856","859","Phone","4885","Payment","2025-01-10 06:22:20.147458","2025-01-10 06:22:20.147458"
"857","197","Phone","3493","Payment","2025-01-05 08:33:01.303579","2025-01-05 08:33:01.303579"
"858","861","Phone","74","Payment","2025-01-18 14:32:47.148876","2025-01-18 14:32:47.148876"
"859","161","Phone","5364","Payment","2025-01-04 23:08:54.728734","2025-01-04 23:08:54.728734"
"860","767","Phone","1216","Payment","2025-01-17 19:56:15.714359","2025-01-17 19:56:15.714359"
"861","431","Phone","5132","Payment","2025-01-20 04:28:20.211985","2025-01-20 04:28:20.211985"
"862","711","Phone","6720","Payment","2025-01-11 23:01:33.038177","2025-01-11 23:01:33.038177"
"863","944","Phone","3254","Payment","2025-01-02 12:13:23.005098","2025-01-02 12:13:23.005098"
"864","738","Phone","2124","Payment","2025-01-17 04:52:40.219725","2025-01-17 04:52:40.219725"
"865","876","Phone","3287","Payment","2025-01-08 05:16:42.883471","2025-01-08 05:16:42.883471"
"866","561","Phone","2888","Payment","2025-01-09 15:13:48.423005","2025-01-09 15:13:48.423005"
"867","315","Phone","5512","Payment","2025-01-11 07:15:32.192800","2025-01-11 07:15:32.192800"
"868","450","Phone","823","Payment","2025-01-21 02:45:57.933526","2025-01-21 02:45:57.933526"
"869","723","Phone","1313","Payment","2025-01-17 11:55:55.692058","2025-01-17 11:55:55.692058"
"870","873","Phone","4470","Payment","2025-01-23 00:46:09.811993","2025-01-23 00:46:09.811993"
"871","263","Phone","228","Payment","2025-01-14 17:28:13.269109","2025-01-14 17:28:13.269109"
"872","411","Phone","2166","Payment","2025-01-20 11:52:02.531643","2025-01-20 11:52:02.531643"
"873","144","Phone","849","Payment","2025-01-18 01:19:54.124724","2025-01-18 01:19:54.124724"
"874","419","Phone","336","Payment","2025-01-18 10:25:49.870187","2025-01-18 10:25:49.870187"
"875","838","Phone","3236","Payment","2025-01-07 19:26:24.240214","2025-01-07 19:26:24.240214"
"876","387","Phone","5764","Payment","2025-01-17 19:20:30.555054","2025-01-17 19:20:30.555054"
"877","37","Phone","3168","Payment","2025-01-23 01:40:15.278555","2025-01-23 01:40:15.278555"
"878","297","Phone","5832","Payment","2025-01-02 23:38:00.075464","2025-01-02 23:38:00.075464"
"879","413","Phone","5517","Payment","2025-01-22 12:42:10.273527","2025-01-22 12:42:10.273527"
"880","840","Phone","2263","Payment","2025-01-13 14:12:54.475060","2025-01-13 14:12:54.475060"
"881","696","Phone","1950","Payment","2025-01-09 05:22:40.992819","2025-01-09 05:22:40.992819"
"882","250","Phone","3778","Payment","2025-01-06 01:34:39.680584","2025-01-06 01:34:39.680584"
"883","775","Phone","2577","Payment","2025-01-21 14:52:04.568306","2025-01-21 14:52:04.568306"
"884","739","Phone","5686","Payment","2025-01-12 06:58:53.585223","2025-01-12 06:58:53.585223"
"885","529","Phone","5768","Payment","2025-01-08 18:01:45.729686","2025-01-08 18:01:45.729686"
"886","493","Phone","2091","Payment","2025-01-17 20:57:29.473208","2025-01-17 20:57:29.473208"
"887","532","Phone","4675","Payment","2025-01-23 10:03:12.563298","2025-01-23 10:03:12.563298"
"888","643","Phone","1631","Payment","2025-01-01 22:42:18.561486","2025-01-01 22:42:18.561486"
"889","886","Phone","5351","Payment","2025-01-17 06:26:07.936651","2025-01-17 06:26:07.936651"
"890","118","Phone","1400","Payment","2025-01-05 01:18:36.635171","2025-01-05 01:18:36.635171"
"891","156","Phone","5749","Payment","2025-01-16 13:57:05.997791","2025-01-16 13:57:05.997791"
"892","192","Phone","2344","Payment","2025-01-03 00:48:02.347570","2025-01-03 00:48:02.347570"
"893","745","Phone","5449","Payment","2025-01-16 20:46:27.345333","2025-01-16 20:46:27.345333"
"894","184","Phone","2606","Payment","2025-01-15 10:14:25.138021","2025-01-15 10:14:25.138021"
"895","760","Phone","5533","Payment","2025-01-17 11:00:17.746336","2025-01-17 11:00:17.746336"
"896","586","Phone","5811","Payment","2025-01-02 17:18:04.569308","2025-01-02 17:18:04.569308"
"897","890","Phone","465","Payment","2025-01-02 08:50:18.901012","2025-01-02 08:50:18.901012"
"898","753","Phone","4431","Payment","2025-01-03 23:53:35.393915","2025-01-03 23:53:35.393915"
"899","226","Phone","4022","Payment","2025-01-20 00:03:13.214302","2025-01-20 00:03:13.214302"
"900","526","Phone","519","Payment","2025-01-12 08:03:10.042129","2025-01-12 08:03:10.042129"
"901","618","Phone","6005","Payment","2025-01-12 07:22:47.704757","2025-01-12 07:22:47.704757"
"902","402","Phone","619","Payment","2025-01-12 01:40:22.113977","2025-01-12 01:40:22.113977"
"903","290","Phone","2528","Payment","2025-01-01 16:32:19.095511","2025-01-01 16:32:19.095511"
"904","797","Phone","4305","Payment","2025-01-20 07:50:48.017318","2025-01-20 07:50:48.017318"
"905","677","Phone","1739","Payment","2025-01-13 19:42:19.409599","2025-01-13 19:42:19.409599"
"906","317","Phone","4765","Payment","2025-01-01 07:52:54.858902","2025-01-01 07:52:54.858902"
"907","134","Phone","1353","Payment","2025-01-15 12:50:42.820296","2025-01-15 12:50:42.820296"
"908","390","Phone","673","Payment","2025-01-01 20:47:49.440060","2025-01-01 20:47:49.440060"
"909","944","Phone","4989","Payment","2025-01-12 02:38:54.808440","2025-01-12 02:38:54.808440"
"910","407","Phone","6014","Payment","2025-01-04 10:17:46.419615","2025-01-04 10:17:46.419615"
"911","620","Phone","6397","Payment","2025-01-06 20:50:22.224814","2025-01-06 20:50:22.224814"
"912","408","Phone","6786","Payment","2025-01-05 18:32:50.468998","2025-01-05 18:32:50.468998"
"913","546","Phone","4306","Payment","2025-01-20 06:03:57.781305","2025-01-20 06:03:57.781305"
"914","509","Phone","4933","Payment","2025-01-03 00:34:51.649752","2025-01-03 00:34:51.649752"
"915","325","Phone","5958","Payment","2025-01-15 15:44:12.465938","2025-01-15 15:44:12.465938"
"916","590","Phone","3112","Payment","2025-01-10 10:46:54.338363","2025-01-10 10:46:54.338363"
"917","638","Phone","1841","Payment","2025-01-12 08:30:59.633070","2025-01-12 08:30:59.633070"
"918","541","Phone","5598","Payment","2025-01-04 21:21:44.118152","2025-01-04 21:21:44.118152"
"919","758","Phone","6058","Payment","2025-01-15 22:34:08.964958","2025-01-15 22:34:08.964958"
"920","223","Phone","4971","Payment","2025-01-17 06:00:26.105213","2025-01-17 06:00:26.105213"
"921","884","Phone","5981","Payment","2025-01-17 04:10:25.101659","2025-01-17 04:10:25.101659"
"922","177","Phone","3200","Payment","2025-01-21 19:37:00.751372","2025-01-21 19:37:00.751372"
"923","955","Phone","2948","Payment","2025-01-03 04:37:11.176558","2025-01-03 04:37:11.176558"
"924","248","Phone","5576","Payment","2025-01-20 01:14:50.424726","2025-01-20 01:14:50.424726"
"925","957","Phone","6961","Payment","2025-01-06 18:10:14.908485","2025-01-06 18:10:14.908485"
"926","117","Phone","1197","Payment","2025-01-15 15:36:34.044936","2025-01-15 15:36:34.044936"
"927","517","Phone","6184","Payment","2025-01-01 06:02:21.995126","2025-01-01 06:02:21.995126"
"928","170","Phone","5402","Payment","2025-01-13 08:55:38.846232","2025-01-13 08:55:38.846232"
"929","440","Phone","1585","Payment","2025-01-16 14:59:24.825298","2025-01-16 14:59:24.825298"
"930","398","Phone","4628","Payment","2025-01-04 21:50:18.522404","2025-01-04 21:50:18.522404"
"931","18","Phone","4257","Payment","2025-01-20 05:46:26.385440","2025-01-20 05:46:26.385440"
"932","732","Phone","279","Payment","2025-01-13 18:10:04.805789","2025-01-13 18:10:04.805789"
"933","118","Phone","5233","Payment","2025-01-14 09:28:52.968156","2025-01-14 09:28:52.968156"
"934","408","Phone","2320","Payment","2025-01-11 09:56:08.672558","2025-01-11 09:56:08.672558"
"935","883","Phone","3508","Payment","2025-01-15 15:42:31.009354","2025-01-15 15:42:31.009354"
"936","873","Phone","521","Payment","2025-01-02 09:50:38.833522","2025-01-02 09:50:38.833522"
"937","319","Phone","214","Payment","2025-01-20 02:09:43.628753","2025-01-20 02:09:43.628753"
"938","160","Phone","4925","Payment","2025-01-22 13:22:16.118521","2025-01-22 13:22:16.118521"
"939","639","Phone","5473","Payment","2025-01-16 17:33:53.334607","2025-01-16 17:33:53.334607"
"940","921","Phone","1086","Payment","2025-01-13 09:38:26.480079","2025-01-13 09:38:26.480079"
"941","357","Phone","706","Payment","2025-01-01 04:28:33.921182","2025-01-01 04:28:33.921182"
"942","513","Phone","6455","Payment","2025-01-14 18:31:43.171224","2025-01-14 18:31:43.171224"
"943","40","Phone","2286","Payment","2025-01-16 11:44:37.988273","2025-01-16 11:44:37.988273"
"944","370","Phone","1893","Payment","2025-01-11 06:40:49.444938","2025-01-11 06:40:49.444938"
"945","922","Phone","5360","Payment","2025-01-09 18:33:29.026295","2025-01-09 18:33:29.026295"
"946","422","Phone","4230","Payment","2025-01-05 07:18:36.521423","2025-01-05 07:18:36.521423"
"947","562","Phone","205","Payment","2025-01-15 08:25:36.784181","2025-01-15 08:25:36.784181"
"948","175","Phone","5469","Payment","2025-01-14 08:50:05.532993","2025-01-14 08:50:05.532993"
"949","168","Phone","2125","Payment","2025-01-05 16:46:11.716375","2025-01-05 16:46:11.716375"
"950","101","Phone","4015","Payment","2025-01-18 03:43:20.605390","2025-01-18 03:43:20.605390"
"951","215","Phone","2709","Payment","2025-01-04 04:05:32.718254","2025-01-04 04:05:32.718254"
"952","342","Phone","821","Payment","2025-01-06 03:29:19.312345","2025-01-06 03:29:19.312345"
"953","902","Phone","6273","Payment","2025-01-09 07:49:01.834453","2025-01-09 07:49:01.834453"
"954","331","Phone","4197","Payment","2025-01-01 08:13:58.872491","2025-01-01 08:13:58.872491"
"955","474","Phone","202","Payment","2025-01-08 00:34:49.445565","2025-01-08 00:34:49.445565"
"956","202","Phone","1840","Payment","2025-01-12 04:45:18.575322","2025-01-12 04:45:18.575322"
"957","924","Phone","6136","Payment","2025-01-02 16:08:36.075416","2025-01-02 16:08:36.075416"
"958","260","Phone","5138","Payment","2025-01-05 16:50:01.775175","2025-01-05 16:50:01.775175"
"959","111","Phone","4123","Payment","2025-01-19 05:35:31.409597","2025-01-19 05:35:31.409597"
"960","326","Phone","3646","Payment","2025-01-17 08:10:44.805613","2025-01-17 08:10:44.805613"
"961","442","Phone","2737","Payment","2025-01-06 02:40:52.988618","2025-01-06 02:40:52.988618"
"962","689","Phone","6340","Payment","2025-01-21 18:52:08.623392","2025-01-21 18:52:08.623392"
"963","200","Phone","3786","Payment","2025-01-10 15:26:34.997488","2025-01-10 15:26:34.997488"
"964","781","Phone","3428","Payment","2025-01-19 07:19:57.112396","2025-01-19 07:19:57.112396"
"965","213","Phone","4484","Payment","2025-01-12 10:24:43.447757","2025-01-12 10:24:43.447757"
"966","896","Phone","4651","Payment","2025-01-07 15:14:10.839486","2025-01-07 15:14:10.839486"
"967","405","Phone","2448","Payment","2025-01-07 21:33:15.975381","2025-01-07 21:33:15.975381"
"968","520","Phone","6657","Payment","2025-01-20 05:36:26.118578","2025-01-20 05:36:26.118578"
"969","67","Phone","245","Payment","2025-01-07 20:38:14.342335","2025-01-07 20:38:14.342335"
"970","308","Phone","1484","Payment","2025-01-22 16:33:10.999058","2025-01-22 16:33:10.999058"
"971","561","Phone","1175","Payment","2025-01-19 16:27:52.665848","2025-01-19 16:27:52.665848"
"972","625","Phone","5385","Payment","2025-01-17 11:01:44.645844","2025-01-17 11:01:44.645844"
"973","820","Phone","4089","Payment","2025-01-02 22:24:32.545561","2025-01-02 22:24:32.545561"
"974","195","Phone","4449","Payment","2025-01-10 21:29:22.644538","2025-01-10 21:29:22.644538"
"975","676","Phone","3042","Payment","2025-01-16 11:34:21.441381","2025-01-16 11:34:21.441381"
"976","457","Phone","117","Payment","2025-01-10 23:04:03.095196","2025-01-10 23:04:03.095196"
"977","88","Phone","2183","Payment","2025-01-09 03:51:43.787391","2025-01-09 03:51:43.787391"
"978","617","Phone","3173","Payment","2025-01-15 12:16:05.675767","2025-01-15 12:16:05.675767"
"979","607","Phone","5250","Payment","2025-01-20 05:28:14.606265","2025-01-20 05:28:14.606265"
"980","422","Phone","789","Payment","2025-01-11 14:10:34.530127","2025-01-11 14:10:34.530127"
"981","642","Phone","4267","Payment","2025-01-06 13:28:53.570510","2025-01-06 13:28:53.570510"
"982","439","Phone","5709","Payment","2025-01-12 17:26:55.001029","2025-01-12 17:26:55.001029"
"983","246","Phone","4982","Payment","2025-01-16 09:21:05.799468","2025-01-16 09:21:05.799468"
"984","179","Phone","4719","Payment","2025-01-08 17:56:09.492768","2025-01-08 17:56:09.492768"
"985","933","Phone","3679","Payment","2025-01-20 14:29:13.712234","2025-01-20 14:29:13.712234"
"986","585","Phone","3512","Payment","2025-01-07 08:44:33.078590","2025-01-07 08:44:33.078590"
"987","207","Phone","3726","Payment","2025-01-23 02:26:14.631653","2025-01-23 02:26:14.631653"
"988","799","Phone","5632","Payment","2025-01-18 05:54:42.449235","2025-01-18 05:54:42.449235"
"989","537","Phone","5346","Payment","2025-01-02 03:29:43.292903","2025-01-02 03:29:43.292903"
"990","735","Phone","6286","Payment","2025-01-06 14:51:19.851583","2025-01-06 14:51:19.851583"
"991","530","Phone","4170","Payment","2025-01-13 23:18:30.368579","2025-01-13 23:18:30.368579"
"992","556","Phone","1206","Payment","2025-01-06 20:37:54.521719","2025-01-06 20:37:54.521719"
"993","927","Phone","5666","Payment","2025-01-22 04:45:31.545694","2025-01-22 04:45:31.545694"
"994","887","Phone","5558","Payment","2025-01-06 04:07:29.620380","2025-01-06 04:07:29.620380"
"995","264","Phone","223","Payment","2025-01-17 09:12:29.952872","2025-01-17 09:12:29.952872"
"996","770","Phone","1682","Payment","2025-01-19 07:52:31.702268","2025-01-19 07:52:31.702268"
"997","377","Phone","3362","Payment","2025-01-17 10:03:00.103235","2025-01-17 10:03:00.103235"
"998","405","Phone","3206","Payment","2025-01-14 14:16:21.484604","2025-01-14 14:16:21.484604"
"999","112","Phone","3468","Payment","2025-01-01 19:19:27.938973","2025-01-01 19:19:27.938973"
"1000","50","Phone","2828","Payment","2025-01-10 19:05:58.040844","2025-01-10 19:05:58.040844"