"id","available_since","inserted_at","address","schema_version"
"1","2025-01-15 03:36:22.762341","2025-01-15 03:36:22.762341","58.166.26.97","1"
"2","2025-01-10 16:51:00.214439","2025-01-10 16:51:00.214439","53.146.112.183","1"
"3","2025-01-16 20:19:57.970812","2025-01-16 20:19:57.970812","56.175.170.41","1"
"4","2025-01-22 04:31:16.139055","2025-01-22 04:31:16.139055","78.170.218.147","1"
"5","2025-01-12 12:52:43.886529","2025-01-12 12:52:43.886529","200.48.235.228","1"
"6","2025-01-15 07:13:57.659566","2025-01-15 07:13:57.659566","199.81.88.238","1"
"7","2025-01-08 22:37:33.974141","2025-01-08 22:37:33.974141","115.162.142.169","1"
"8","2025-01-13 03:26:18.093462","2025-01-13 03:26:18.093462","36.5.228.189","1"
"9","2025-01-05 11:24:26.461663","2025-01-05 11:24:26.461663","176.188.41.134","1"
"10","2025-01-18 00:46:54.503783","2025-01-18 00:46:54.503783","82.192.161.79","1"
"11","2025-01-07 10:10:16.440914","2025-01-07 10:10:16.440914","105.72.163.237","1"
"12","2025-01-04 02:40:26.775495","2025-01-04 02:40:26.775495","93.148.8.192","1"
"13","2025-01-16 16:45:51.959600","2025-01-16 16:45:51.959600","154.48.96.89","1"
"14","2025-01-08 11:48:16.705836","2025-01-08 11:48:16.705836","90.95.124.105","1"
"15","2025-01-03 20:06:21.621115","2025-01-03 20:06:21.621115","11.254.255.190","1"
"16","2025-01-15 05:57:02.358426","2025-01-15 05:57:02.358426","47.137.111.27","1"
"17","2025-01-08 19:54:45.569610","2025-01-08 19:54:45.569610","97.142.183.91","1"
"18","2025-01-10 09:25:50.300727","2025-01-10 09:25:50.300727","25.209.220.42","1"
"19","2025-01-06 14:06:36.918098","2025-01-06 14:06:36.918098","199.57.126.151","1"
"20","2025-01-20 19:06:04.450439","2025-01-20 19:06:04.450439","178.157.79.85","1"
"21","2025-01-03 01:06:14.783799","2025-01-03 01:06:14.783799","117.37.84.245","1"
"22","2025-01-03 19:20:51.680559","2025-01-03 19:20:51.680559","173.145.125.49","1"
"23","2025-01-22 04:27:16.385146","2025-01-22 04:27:16.385146","195.188.214.52","1"
"24","2025-01-11 07:48:02.801611","2025-01-11 07:48:02.801611","3.81.96.241","1"
"25","2025-01-12 03:48:36.505347","2025-01-12 03:48:36.505347","5.218.203.15","1"
"26","2025-01-07 20:16:43.673854","2025-01-07 20:16:43.673854","133.183.240.118","1"
"27","2025-01-12 12:47:07.318507","2025-01-12 12:47:07.318507","177.229.106.254","1"
"28","2025-01-15 13:57:14.865262","2025-01-15 13:57:14.865262","136.208.101.250","1"
"29","2025-01-12 15:23:34.001497","2025-01-12 15:23:34.001497","10.145.201.48","1"
"30","2025-01-10 13:22:39.673714","2025-01-10 13:22:39.673714","80.63.92.98","1"
"31","2025-01-16 00:39:19.676267","2025-01-16 00:39:19.676267","81.228.145.173","1"
"32","2025-01-22 04:03:42.711321","2025-01-22 04:03:42.711321","41.156.125.246","1"
"33","2025-01-06 14:02:23.338981","2025-01-06 14:02:23.338981","193.156.216.202","1"
"34","2025-01-03 03:14:26.962038","2025-01-03 03:14:26.962038","88.203.120.245","1"
"35","2025-01-12 16:01:31.611052","2025-01-12 16:01:31.611052","74.124.173.101","1"
"36","2025-01-04 00:06:35.695724","2025-01-04 00:06:35.695724","122.245.24.168","1"
"37","2025-01-20 02:50:53.594357","2025-01-20 02:50:53.594357","69.73.85.71","1"
"38","2025-01-07 10:19:00.425391","2025-01-07 10:19:00.425391","175.144.36.114","1"
"39","2025-01-18 13:47:10.616884","2025-01-18 13:47:10.616884","223.221.176.98","1"
"40","2025-01-11 18:03:13.493251","2025-01-11 18:03:13.493251","132.117.172.77","1"
"41","2025-01-07 23:25:12.300865","2025-01-07 23:25:12.300865","134.213.240.119","1"
"42","2025-01-08 04:58:08.761773","2025-01-08 04:58:08.761773","207.33.102.12","1"
"43","2025-01-18 09:59:04.619837","2025-01-18 09:59:04.619837","1.183.211.32","1"
"44","2025-01-11 02:44:54.429914","2025-01-11 02:44:54.429914","182.251.101.8","1"
"45","2025-01-11 10:09:02.759166","2025-01-11 10:09:02.759166","213.89.3.114","1"
"46","2025-01-17 10:51:03.335561","2025-01-17 10:51:03.335561","99.3.234.152","1"
"47","2025-01-16 02:11:28.191836","2025-01-16 02:11:28.191836","210.116.254.45","1"
"48","2025-01-02 16:03:36.958149","2025-01-02 16:03:36.958149","23.92.192.202","1"
"49","2025-01-14 03:34:30.735184","2025-01-14 03:34:30.735184","153.106.239.206","1"
"50","2025-01-03 00:37:10.133341","2025-01-03 00:37:10.133341","13.255.125.164","1"
"51","2025-01-13 19:07:42.681058","2025-01-13 19:07:42.681058","70.150.1.26","1"
"52","2025-01-08 04:34:33.317260","2025-01-08 04:34:33.317260","221.184.229.239","1"
"53","2025-01-16 01:02:35.627803","2025-01-16 01:02:35.627803","62.106.250.215","1"
"54","2025-01-03 18:50:35.347488","2025-01-03 18:50:35.347488","49.201.194.30","1"
"55","2025-01-13 20:42:53.173452","2025-01-13 20:42:53.173452","126.44.161.246","1"
"56","2025-01-13 11:28:01.972806","2025-01-13 11:28:01.972806","122.57.248.138","1"
"57","2025-01-09 01:38:17.162992","2025-01-09 01:38:17.162992","222.124.27.54","1"
"58","2025-01-06 00:50:32.865745","2025-01-06 00:50:32.865745","107.139.218.190","1"
"59","2025-01-10 23:54:20.950085","2025-01-10 23:54:20.950085","137.23.148.253","1"
"60","2025-01-14 15:01:49.257153","2025-01-14 15:01:49.257153","94.145.84.160","1"
"61","2025-01-17 21:47:35.967257","2025-01-17 21:47:35.967257","46.161.107.120","1"
"62","2025-01-08 22:20:38.214858","2025-01-08 22:20:38.214858","27.12.173.99","1"
"63","2025-01-21 23:19:54.389947","2025-01-21 23:19:54.389947","207.167.122.39","1"
"64","2025-01-22 16:19:00.541896","2025-01-22 16:19:00.541896","64.176.212.177","1"
"65","2025-01-18 08:16:01.401620","2025-01-18 08:16:01.401620","160.133.174.236","1"
"66","2025-01-18 04:11:43.235678","2025-01-18 04:11:43.235678","222.8.219.224","1"
"67","2025-01-06 08:30:12.317192","2025-01-06 08:30:12.317192","46.111.253.37","1"
"68","2025-01-16 06:01:47.425031","2025-01-16 06:01:47.425031","184.167.171.6","1"
"69","2025-01-01 06:45:32.268227","2025-01-01 06:45:32.268227","91.222.12.230","1"
"70","2025-01-10 18:15:17.534624","2025-01-10 18:15:17.534624","190.127.254.169","1"
"71","2025-01-15 01:50:50.358570","2025-01-15 01:50:50.358570","54.97.144.134","1"
"72","2025-01-01 05:13:29.978714","2025-01-01 05:13:29.978714","74.45.80.239","1"
"73","2025-01-17 16:59:04.398901","2025-01-17 16:59:04.398901","170.1.179.218","1"
"74","2025-01-06 15:15:23.703827","2025-01-06 15:15:23.703827","40.213.216.187","1"
"75","2025-01-04 15:42:26.424096","2025-01-04 15:42:26.424096","27.54.33.17","1"
"76","2025-01-16 21:59:15.922632","2025-01-16 21:59:15.922632","4.44.156.0","1"
"77","2025-01-15 17:32:33.246139","2025-01-15 17:32:33.246139","76.30.136.253","1"
"78","2025-01-15 06:26:15.782170","2025-01-15 06:26:15.782170","68.125.148.14","1"
"79","2025-01-04 09:54:12.772519","2025-01-04 09:54:12.772519","178.95.38.106","1"
"80","2025-01-16 22:24:10.700288","2025-01-16 22:24:10.700288","203.65.29.145","1"
"81","2025-01-17 02:25:26.232907","2025-01-17 02:25:26.232907","63.255.247.74","1"
"82","2025-01-14 18:15:32.284610","2025-01-14 18:15:32.284610","103.93.109.138","1"
"83","2025-01-06 17:02:19.383065","2025-01-06 17:02:19.383065","31.178.189.15","1"
"84","2025-01-16 10:00:37.798813","2025-01-16 10:00:37.798813","65.122.29.169","1"
"85","2025-01-10 11:44:30.770396","2025-01-10 11:44:30.770396","180.155.116.240","1"
"86","2025-01-22 14:20:06.990681","2025-01-22 14:20:06.990681","179.179.167.208","1"
"87","2025-01-14 19:14:54.153441","2025-01-14 19:14:54.153441","48.56.63.92","1"
"88","2025-01-07 03:17:56.406098","2025-01-07 03:17:56.406098","86.88.88.234","1"
"89","2025-01-10 21:07:06.766373","2025-01-10 21:07:06.766373","9.50.230.91","1"
"90","2025-01-05 13:06:01.901187","2025-01-05 13:06:01.901187","43.224.119.74","1"
"91","2025-01-12 23:14:09.178815","2025-01-12 23:14:09.178815","86.87.18.226","1"
"92","2025-01-09 02:15:09.153484","2025-01-09 02:15:09.153484","84.79.207.93","1"
"93","2025-01-11 02:29:48.504710","2025-01-11 02:29:48.504710","10.140.200.142","1"
"94","2025-01-19 09:51:35.184903","2025-01-19 09:51:35.184903","54.82.97.80","1"
"95","2025-01-07 17:45:26.225817","2025-01-07 17:45:26.225817","128.148.223.141","1"
"96","2025-01-19 09:56:17.864344","2025-01-19 09:56:17.864344","6.190.126.151","1"
"97","2025-01-15 00:35:46.403155","2025-01-15 00:35:46.403155","199.137.208.241","1"
"98","2025-01-14 00:02:57.201038","2025-01-14 00:02:57.201038","203.99.111.183","1"
"99","2025-01-11 00:38:51.231816","2025-01-11 00:38:51.231816","79.194.32.195","1"
"100","2025-01-03 21:16:59.694096","2025-01-03 21:16:59.694096","66.167.248.204","1"
"101","2025-01-11 08:53:25.304740","2025-01-11 08:53:25.304740","221.76.40.55","1"
"102","2025-01-11 11:38:33.432477","2025-01-11 11:38:33.432477","207.196.201.49","1"
"103","2025-01-16 11:34:02.582149","2025-01-16 11:34:02.582149","192.8.20.235","1"
"104","2025-01-08 10:31:49.843992","2025-01-08 10:31:49.843992","1.254.138.171","1"
"105","2025-01-11 12:20:02.461419","2025-01-11 12:20:02.461419","117.213.4.80","1"
"106","2025-01-20 14:59:55.871633","2025-01-20 14:59:55.871633","111.219.115.159","1"
"107","2025-01-15 18:07:53.308082","2025-01-15 18:07:53.308082","144.150.107.10","1"
"108","2025-01-05 04:29:53.008789","2025-01-05 04:29:53.008789","33.123.71.238","1"
"109","2025-01-01 19:28:57.642693","2025-01-01 19:28:57.642693","43.102.255.71","1"
"110","2025-01-21 20:05:33.530910","2025-01-21 20:05:33.530910","91.191.124.117","1"
"111","2025-01-11 06:40:08.685500","2025-01-11 06:40:08.685500","49.15.12.37","1"
"112","2025-01-09 23:01:05.265363","2025-01-09 23:01:05.265363","126.191.20.204","1"
"113","2025-01-03 05:49:43.025750","2025-01-03 05:49:43.025750","1.209.111.152","1"
"114","2025-01-20 05:15:59.780117","2025-01-20 05:15:59.780117","216.227.229.40","1"
"115","2025-01-18 20:22:14.656409","2025-01-18 20:22:14.656409","89.93.68.205","1"
"116","2025-01-06 07:32:56.989321","2025-01-06 07:32:56.989321","51.46.114.83","1"
"117","2025-01-19 06:34:42.032255","2025-01-19 06:34:42.032255","49.31.132.64","1"
"118","2025-01-06 06:11:27.129604","2025-01-06 06:11:27.129604","12.120.19.202","1"
"119","2025-01-02 14:45:11.637182","2025-01-02 14:45:11.637182","60.167.247.52","1"
"120","2025-01-19 22:15:04.987875","2025-01-19 22:15:04.987875","53.214.191.151","1"
"121","2025-01-17 19:57:02.349949","2025-01-17 19:57:02.349949","154.27.219.138","1"
"122","2025-01-16 17:26:52.831405","2025-01-16 17:26:52.831405","132.181.159.155","1"
"123","2025-01-03 06:16:08.044024","2025-01-03 06:16:08.044024","154.137.202.152","1"
"124","2025-01-11 19:49:36.698487","2025-01-11 19:49:36.698487","190.163.222.87","1"
"125","2025-01-16 04:03:30.863898","2025-01-16 04:03:30.863898","156.32.224.41","1"
"126","2025-01-08 09:14:50.103759","2025-01-08 09:14:50.103759","140.153.104.49","1"
"127","2025-01-03 04:00:55.097230","2025-01-03 04:00:55.097230","69.88.3.170","1"
"128","2025-01-05 19:26:03.141857","2025-01-05 19:26:03.141857","50.11.94.28","1"
"129","2025-01-05 13:23:31.500849","2025-01-05 13:23:31.500849","111.211.0.102","1"
"130","2025-01-11 05:45:57.192611","2025-01-11 05:45:57.192611","25.233.126.35","1"
"131","2025-01-02 07:02:27.711602","2025-01-02 07:02:27.711602","68.192.89.124","1"
"132","2025-01-07 01:50:08.235166","2025-01-07 01:50:08.235166","40.171.194.2","1"
"133","2025-01-22 02:43:41.226853","2025-01-22 02:43:41.226853","43.204.220.249","1"
"134","2025-01-12 19:23:31.265702","2025-01-12 19:23:31.265702","80.253.154.176","1"
"135","2025-01-10 12:58:43.815130","2025-01-10 12:58:43.815130","14.225.90.11","1"
"136","2025-01-13 00:21:10.826598","2025-01-13 00:21:10.826598","24.74.183.225","1"
"137","2025-01-20 07:49:06.049486","2025-01-20 07:49:06.049486","70.133.18.36","1"
"138","2025-01-14 22:54:23.578887","2025-01-14 22:54:23.578887","200.66.51.234","1"
"139","2025-01-06 20:41:57.316532","2025-01-06 20:41:57.316532","109.214.71.77","1"
"140","2025-01-11 06:51:53.603144","2025-01-11 06:51:53.603144","19.179.252.122","1"
"141","2025-01-14 15:51:27.913264","2025-01-14 15:51:27.913264","117.69.151.74","1"
"142","2025-01-03 18:00:39.998772","2025-01-03 18:00:39.998772","58.54.123.213","1"
"143","2025-01-14 23:01:55.909558","2025-01-14 23:01:55.909558","218.14.32.137","1"
"144","2025-01-04 08:20:36.012716","2025-01-04 08:20:36.012716","130.177.225.189","1"
"145","2025-01-15 21:31:43.322126","2025-01-15 21:31:43.322126","50.202.151.19","1"
"146","2025-01-05 08:01:00.121600","2025-01-05 08:01:00.121600","131.239.217.82","1"
"147","2025-01-15 02:44:14.382160","2025-01-15 02:44:14.382160","123.106.183.193","1"
"148","2025-01-06 21:58:29.884790","2025-01-06 21:58:29.884790","188.235.120.255","1"
"149","2025-01-14 17:34:05.345549","2025-01-14 17:34:05.345549","62.41.29.207","1"
"150","2025-01-17 04:04:56.972573","2025-01-17 04:04:56.972573","197.85.98.26","1"
"151","2025-01-21 08:46:54.783519","2025-01-21 08:46:54.783519","201.22.119.72","1"
"152","2025-01-16 18:57:38.467021","2025-01-16 18:57:38.467021","129.210.144.177","1"
"153","2025-01-13 21:31:34.071922","2025-01-13 21:31:34.071922","22.247.212.236","1"
"154","2025-01-03 23:35:25.960695","2025-01-03 23:35:25.960695","104.121.61.57","1"
"155","2025-01-20 21:51:36.006532","2025-01-20 21:51:36.006532","44.190.138.24","1"
"156","2025-01-10 09:54:48.855483","2025-01-10 09:54:48.855483","32.181.255.150","1"
"157","2025-01-18 02:31:54.704254","2025-01-18 02:31:54.704254","120.22.229.141","1"
"158","2025-01-13 05:34:56.667138","2025-01-13 05:34:56.667138","123.103.247.216","1"
"159","2025-01-04 15:09:12.367237","2025-01-04 15:09:12.367237","78.46.6.78","1"
"160","2025-01-14 04:25:25.374703","2025-01-14 04:25:25.374703","115.162.216.33","1"
"161","2025-01-13 19:49:46.353588","2025-01-13 19:49:46.353588","114.16.189.138","1"
"162","2025-01-10 04:33:36.156799","2025-01-10 04:33:36.156799","94.88.238.156","1"
"163","2025-01-01 04:17:31.580492","2025-01-01 04:17:31.580492","196.19.178.148","1"
"164","2025-01-12 08:59:29.793793","2025-01-12 08:59:29.793793","41.4.49.166","1"
"165","2025-01-10 23:04:30.743844","2025-01-10 23:04:30.743844","106.107.236.45","1"
"166","2025-01-01 22:08:37.428472","2025-01-01 22:08:37.428472","217.174.223.190","1"
"167","2025-01-01 09:55:10.692714","2025-01-01 09:55:10.692714","37.111.6.103","1"
"168","2025-01-11 02:10:24.212524","2025-01-11 02:10:24.212524","28.92.12.1","1"
"169","2025-01-20 05:36:02.869129","2025-01-20 05:36:02.869129","194.219.245.26","1"
"170","2025-01-21 16:39:07.797717","2025-01-21 16:39:07.797717","158.220.2.131","1"
"171","2025-01-08 18:22:22.885352","2025-01-08 18:22:22.885352","123.1.151.7","1"
"172","2025-01-06 08:42:01.011785","2025-01-06 08:42:01.011785","141.61.235.184","1"
"173","2025-01-02 18:20:53.385803","2025-01-02 18:20:53.385803","11.218.34.85","1"
"174","2025-01-16 12:17:12.737553","2025-01-16 12:17:12.737553","80.175.253.74","1"
"175","2025-01-12 04:58:17.748319","2025-01-12 04:58:17.748319","15.159.224.238","1"
"176","2025-01-15 11:09:22.582220","2025-01-15 11:09:22.582220","87.24.174.111","1"
"177","2025-01-05 18:27:45.825588","2025-01-05 18:27:45.825588","105.211.155.57","1"
"178","2025-01-13 03:31:21.497823","2025-01-13 03:31:21.497823","86.93.90.50","1"
"179","2025-01-20 21:00:17.802852","2025-01-20 21:00:17.802852","169.101.177.144","1"
"180","2025-01-06 06:19:50.126132","2025-01-06 06:19:50.126132","4.37.44.237","1"
"181","2025-01-09 11:50:05.101523","2025-01-09 11:50:05.101523","159.115.119.62","1"
"182","2025-01-12 06:48:44.625603","2025-01-12 06:48:44.625603","25.148.78.174","1"
"183","2025-01-10 22:58:23.508338","2025-01-10 22:58:23.508338","209.27.170.158","1"
"184","2025-01-21 06:59:51.417378","2025-01-21 06:59:51.417378","220.148.68.221","1"
"185","2025-01-02 09:20:48.020881","2025-01-02 09:20:48.020881","124.225.250.19","1"
"186","2025-01-19 05:18:38.830449","2025-01-19 05:18:38.830449","142.150.6.145","1"
"187","2025-01-05 11:47:29.173707","2025-01-05 11:47:29.173707","62.174.118.133","1"
"188","2025-01-13 06:56:11.902217","2025-01-13 06:56:11.902217","167.137.253.74","1"
"189","2025-01-16 22:44:04.353351","2025-01-16 22:44:04.353351","48.181.109.6","1"
"190","2025-01-08 22:39:54.547165","2025-01-08 22:39:54.547165","108.9.23.212","1"
"191","2025-01-04 03:04:10.227568","2025-01-04 03:04:10.227568","183.2.1.137","1"
"192","2025-01-09 06:04:12.969544","2025-01-09 06:04:12.969544","26.29.84.227","1"
"193","2025-01-08 07:00:16.232719","2025-01-08 07:00:16.232719","101.151.238.19","1"
"194","2025-01-02 05:47:29.276496","2025-01-02 05:47:29.276496","157.239.110.203","1"
"195","2025-01-09 02:20:33.345188","2025-01-09 02:20:33.345188","222.200.218.198","1"
"196","2025-01-05 16:08:20.075356","2025-01-05 16:08:20.075356","51.242.74.18","1"
"197","2025-01-06 15:45:59.022075","2025-01-06 15:45:59.022075","167.254.5.169","1"
"198","2025-01-20 23:28:56.284153","2025-01-20 23:28:56.284153","214.158.196.35","1"
"199","2025-01-07 23:10:00.684508","2025-01-07 23:10:00.684508","73.110.94.11","1"
"200","2025-01-09 01:26:17.581197","2025-01-09 01:26:17.581197","69.226.107.59","1"
"201","2025-01-20 01:20:42.964722","2025-01-20 01:20:42.964722","47.21.163.109","1"
"202","2025-01-06 11:08:12.818650","2025-01-06 11:08:12.818650","219.222.83.212","1"
"203","2025-01-14 12:48:58.101313","2025-01-14 12:48:58.101313","130.143.109.72","1"
"204","2025-01-14 22:34:38.418544","2025-01-14 22:34:38.418544","60.22.121.163","1"
"205","2025-01-22 10:24:16.727605","2025-01-22 10:24:16.727605","88.206.85.31","1"
"206","2025-01-04 10:16:00.172262","2025-01-04 10:16:00.172262","138.51.25.150","1"
"207","2025-01-03 15:03:15.945011","2025-01-03 15:03:15.945011","171.210.128.83","1"
"208","2025-01-01 09:13:47.832062","2025-01-01 09:13:47.832062","54.194.226.100","1"
"209","2025-01-01 00:14:11.290669","2025-01-01 00:14:11.290669","194.189.99.37","1"
"210","2025-01-06 02:34:11.336040","2025-01-06 02:34:11.336040","84.9.133.243","1"
"211","2025-01-13 07:07:09.697370","2025-01-13 07:07:09.697370","221.7.131.73","1"
"212","2025-01-04 07:56:03.963676","2025-01-04 07:56:03.963676","35.84.252.212","1"
"213","2025-01-02 15:43:05.297827","2025-01-02 15:43:05.297827","166.199.157.241","1"
"214","2025-01-18 16:22:33.383097","2025-01-18 16:22:33.383097","135.236.187.65","1"
"215","2025-01-02 03:12:00.257314","2025-01-02 03:12:00.257314","96.77.155.94","1"
"216","2025-01-20 17:00:14.747618","2025-01-20 17:00:14.747618","122.20.214.112","1"
"217","2025-01-16 04:31:17.801045","2025-01-16 04:31:17.801045","206.249.91.171","1"
"218","2025-01-15 10:40:26.088467","2025-01-15 10:40:26.088467","187.166.174.37","1"
"219","2025-01-22 11:28:36.431952","2025-01-22 11:28:36.431952","44.244.236.247","1"
"220","2025-01-03 04:56:12.074129","2025-01-03 04:56:12.074129","215.245.153.96","1"
"221","2025-01-22 13:44:43.652751","2025-01-22 13:44:43.652751","66.232.123.115","1"
"222","2025-01-20 18:00:20.058255","2025-01-20 18:00:20.058255","131.244.230.112","1"
"223","2025-01-19 04:35:52.329257","2025-01-19 04:35:52.329257","176.60.65.199","1"
"224","2025-01-19 13:28:58.015308","2025-01-19 13:28:58.015308","2.5.87.5","1"
"225","2025-01-03 20:54:32.255920","2025-01-03 20:54:32.255920","114.43.145.97","1"
"226","2025-01-17 19:44:20.037728","2025-01-17 19:44:20.037728","161.212.202.31","1"
"227","2025-01-08 06:40:34.450455","2025-01-08 06:40:34.450455","211.96.143.9","1"
"228","2025-01-20 19:37:46.112614","2025-01-20 19:37:46.112614","71.211.203.183","1"
"229","2025-01-07 19:37:59.406046","2025-01-07 19:37:59.406046","57.41.48.84","1"
"230","2025-01-05 22:20:41.407478","2025-01-05 22:20:41.407478","149.121.183.145","1"
"231","2025-01-20 22:11:11.944109","2025-01-20 22:11:11.944109","31.132.243.5","1"
"232","2025-01-19 15:26:42.575320","2025-01-19 15:26:42.575320","20.206.117.212","1"
"233","2025-01-07 08:53:18.239838","2025-01-07 08:53:18.239838","165.142.74.186","1"
"234","2025-01-01 20:46:51.698066","2025-01-01 20:46:51.698066","68.111.35.199","1"
"235","2025-01-02 12:08:58.886342","2025-01-02 12:08:58.886342","94.157.151.32","1"
"236","2025-01-10 11:04:03.376204","2025-01-10 11:04:03.376204","148.145.232.2","1"
"237","2025-01-17 00:05:43.165175","2025-01-17 00:05:43.165175","82.140.7.31","1"
"238","2025-01-16 06:06:49.607354","2025-01-16 06:06:49.607354","11.142.46.122","1"
"239","2025-01-05 02:33:03.381904","2025-01-05 02:33:03.381904","94.71.93.182","1"
"240","2025-01-17 12:40:31.121233","2025-01-17 12:40:31.121233","72.19.11.200","1"
"241","2025-01-15 05:53:14.575633","2025-01-15 05:53:14.575633","129.205.249.45","1"
"242","2025-01-19 13:35:06.524817","2025-01-19 13:35:06.524817","92.147.145.74","1"
"243","2025-01-03 07:17:39.725572","2025-01-03 07:17:39.725572","36.250.70.91","1"
"244","2025-01-22 13:48:42.159299","2025-01-22 13:48:42.159299","85.221.182.223","1"
"245","2025-01-15 22:09:13.644384","2025-01-15 22:09:13.644384","67.237.41.213","1"
"246","2025-01-07 00:22:43.044668","2025-01-07 00:22:43.044668","176.250.118.135","1"
"247","2025-01-04 11:00:29.446211","2025-01-04 11:00:29.446211","91.122.81.42","1"
"248","2025-01-16 07:04:32.645343","2025-01-16 07:04:32.645343","124.155.202.9","1"
"249","2025-01-10 02:48:59.092287","2025-01-10 02:48:59.092287","55.201.94.184","1"
"250","2025-01-19 17:06:28.091220","2025-01-19 17:06:28.091220","177.117.231.212","1"
"251","2025-01-04 07:18:10.174466","2025-01-04 07:18:10.174466","175.183.206.96","1"
"252","2025-01-04 16:45:44.306368","2025-01-04 16:45:44.306368","129.219.188.162","1"
"253","2025-01-21 16:59:05.657003","2025-01-21 16:59:05.657003","186.172.117.214","1"
"254","2025-01-05 17:55:29.145104","2025-01-05 17:55:29.145104","174.89.121.66","1"
"255","2025-01-17 12:09:00.444119","2025-01-17 12:09:00.444119","77.170.54.231","1"
"256","2025-01-12 20:23:26.595119","2025-01-12 20:23:26.595119","82.208.54.27","1"
"257","2025-01-15 18:13:44.867278","2025-01-15 18:13:44.867278","158.70.222.37","1"
"258","2025-01-10 17:37:19.776268","2025-01-10 17:37:19.776268","29.49.122.234","1"
"259","2025-01-01 06:16:02.210934","2025-01-01 06:16:02.210934","109.13.7.42","1"
"260","2025-01-19 23:51:04.244473","2025-01-19 23:51:04.244473","107.12.149.238","1"
"261","2025-01-15 07:29:33.147711","2025-01-15 07:29:33.147711","211.48.125.2","1"
"262","2025-01-07 07:40:43.879412","2025-01-07 07:40:43.879412","35.142.217.215","1"
"263","2025-01-15 10:44:03.260131","2025-01-15 10:44:03.260131","105.30.174.142","1"
"264","2025-01-12 11:00:46.660417","2025-01-12 11:00:46.660417","74.85.179.172","1"
"265","2025-01-01 22:18:52.504593","2025-01-01 22:18:52.504593","26.18.157.117","1"
"266","2025-01-17 00:22:30.940156","2025-01-17 00:22:30.940156","116.146.162.192","1"
"267","2025-01-18 11:04:21.596708","2025-01-18 11:04:21.596708","118.139.16.245","1"
"268","2025-01-05 09:56:54.165628","2025-01-05 09:56:54.165628","93.203.158.248","1"
"269","2025-01-21 07:46:02.405215","2025-01-21 07:46:02.405215","41.239.97.189","1"
"270","2025-01-18 10:24:05.689364","2025-01-18 10:24:05.689364","202.26.84.160","1"
"271","2025-01-12 12:46:16.824142","2025-01-12 12:46:16.824142","60.100.131.226","1"
"272","2025-01-21 10:27:08.644649","2025-01-21 10:27:08.644649","42.82.15.215","1"
"273","2025-01-09 14:48:55.880810","2025-01-09 14:48:55.880810","29.12.85.222","1"
"274","2025-01-19 10:09:18.500806","2025-01-19 10:09:18.500806","123.39.39.104","1"
"275","2025-01-11 21:16:08.557677","2025-01-11 21:16:08.557677","90.160.232.210","1"
"276","2025-01-11 12:44:37.623607","2025-01-11 12:44:37.623607","5.107.107.81","1"
"277","2025-01-07 13:49:46.330066","2025-01-07 13:49:46.330066","117.228.251.69","1"
"278","2025-01-07 07:47:56.776508","2025-01-07 07:47:56.776508","100.155.224.234","1"
"279","2025-01-18 00:32:06.132869","2025-01-18 00:32:06.132869","21.235.204.127","1"
"280","2025-01-05 10:43:17.843043","2025-01-05 10:43:17.843043","39.201.241.252","1"
"281","2025-01-21 01:08:36.988233","2025-01-21 01:08:36.988233","223.99.103.31","1"
"282","2025-01-20 01:50:53.136547","2025-01-20 01:50:53.136547","8.9.234.55","1"
"283","2025-01-09 00:13:11.043083","2025-01-09 00:13:11.043083","191.238.23.24","1"
"284","2025-01-14 17:47:33.508667","2025-01-14 17:47:33.508667","11.247.174.3","1"
"285","2025-01-06 08:52:48.516904","2025-01-06 08:52:48.516904","88.83.241.177","1"
"286","2025-01-05 03:24:16.021298","2025-01-05 03:24:16.021298","26.220.17.217","1"
"287","2025-01-19 04:27:34.374139","2025-01-19 04:27:34.374139","59.23.178.199","1"
"288","2025-01-17 15:41:35.667388","2025-01-17 15:41:35.667388","47.165.247.163","1"
"289","2025-01-12 06:25:39.537243","2025-01-12 06:25:39.537243","206.103.245.9","1"
"290","2025-01-07 16:39:27.191878","2025-01-07 16:39:27.191878","105.106.236.20","1"
"291","2025-01-16 19:31:53.203417","2025-01-16 19:31:53.203417","153.144.2.20","1"
"292","2025-01-11 02:16:06.467681","2025-01-11 02:16:06.467681","88.129.139.183","1"
"293","2025-01-04 12:28:09.298236","2025-01-04 12:28:09.298236","137.120.84.191","1"
"294","2025-01-10 09:42:59.971104","2025-01-10 09:42:59.971104","151.222.237.118","1"
"295","2025-01-01 14:43:29.157081","2025-01-01 14:43:29.157081","134.83.168.79","1"
"296","2025-01-03 05:26:31.844783","2025-01-03 05:26:31.844783","173.90.174.112","1"
"297","2025-01-17 21:07:54.239432","2025-01-17 21:07:54.239432","170.47.36.90","1"
"298","2025-01-20 16:36:52.906560","2025-01-20 16:36:52.906560","158.48.42.116","1"
"299","2025-01-03 17:56:23.116485","2025-01-03 17:56:23.116485","135.222.161.39","1"
"300","2025-01-09 02:54:45.496769","2025-01-09 02:54:45.496769","178.142.88.207","1"
"301","2025-01-07 02:25:48.938913","2025-01-07 02:25:48.938913","205.58.207.16","1"
"302","2025-01-22 04:24:35.171025","2025-01-22 04:24:35.171025","147.156.102.133","1"
"303","2025-01-23 08:22:45.665226","2025-01-23 08:22:45.665226","63.54.108.6","1"
"304","2025-01-15 04:20:08.822752","2025-01-15 04:20:08.822752","155.78.221.109","1"
"305","2025-01-19 00:22:36.604861","2025-01-19 00:22:36.604861","16.95.8.40","1"
"306","2025-01-01 20:48:01.986917","2025-01-01 20:48:01.986917","59.111.49.14","1"
"307","2025-01-03 18:52:00.461588","2025-01-03 18:52:00.461588","69.168.31.129","1"
"308","2025-01-14 09:55:41.836118","2025-01-14 09:55:41.836118","138.46.4.33","1"
"309","2025-01-05 11:41:04.700108","2025-01-05 11:41:04.700108","86.141.86.241","1"
"310","2025-01-23 10:15:10.115855","2025-01-23 10:15:10.115855","66.134.154.190","1"
"311","2025-01-12 16:55:21.597631","2025-01-12 16:55:21.597631","73.45.128.182","1"
"312","2025-01-11 08:07:26.580954","2025-01-11 08:07:26.580954","145.86.16.196","1"
"313","2025-01-14 08:57:16.490381","2025-01-14 08:57:16.490381","181.127.115.162","1"
"314","2025-01-17 03:33:01.207922","2025-01-17 03:33:01.207922","53.18.151.67","1"
"315","2025-01-05 17:43:28.466873","2025-01-05 17:43:28.466873","169.64.160.222","1"
"316","2025-01-02 18:55:24.380564","2025-01-02 18:55:24.380564","5.55.238.30","1"
"317","2025-01-06 11:46:57.027624","2025-01-06 11:46:57.027624","182.227.237.113","1"
"318","2025-01-10 18:37:21.870403","2025-01-10 18:37:21.870403","33.248.85.185","1"
"319","2025-01-01 04:42:11.685635","2025-01-01 04:42:11.685635","89.145.146.251","1"
"320","2025-01-01 23:45:35.263577","2025-01-01 23:45:35.263577","188.14.245.148","1"
"321","2025-01-01 00:59:44.304765","2025-01-01 00:59:44.304765","113.111.93.167","1"
"322","2025-01-08 14:39:23.387737","2025-01-08 14:39:23.387737","82.108.21.33","1"
"323","2025-01-11 05:49:52.220520","2025-01-11 05:49:52.220520","59.150.134.184","1"
"324","2025-01-15 11:34:23.951359","2025-01-15 11:34:23.951359","42.119.129.220","1"
"325","2025-01-07 09:52:35.861831","2025-01-07 09:52:35.861831","11.223.138.213","1"
"326","2025-01-07 15:53:50.713214","2025-01-07 15:53:50.713214","148.37.113.123","1"
"327","2025-01-16 16:52:41.783988","2025-01-16 16:52:41.783988","12.248.217.74","1"
"328","2025-01-01 19:22:04.219717","2025-01-01 19:22:04.219717","4.10.242.247","1"
"329","2025-01-08 04:04:39.160969","2025-01-08 04:04:39.160969","5.213.93.166","1"
"330","2025-01-02 10:11:35.054383","2025-01-02 10:11:35.054383","20.136.125.233","1"
"331","2025-01-18 16:48:46.987900","2025-01-18 16:48:46.987900","59.53.6.215","1"
"332","2025-01-01 08:45:58.308316","2025-01-01 08:45:58.308316","216.255.222.85","1"
"333","2025-01-13 04:22:47.248876","2025-01-13 04:22:47.248876","107.19.168.207","1"
"334","2025-01-10 07:21:40.600973","2025-01-10 07:21:40.600973","96.190.141.235","1"
"335","2025-01-21 13:29:43.781037","2025-01-21 13:29:43.781037","222.181.56.190","1"
"336","2025-01-22 05:41:09.573057","2025-01-22 05:41:09.573057","73.72.148.125","1"
"337","2025-01-10 02:54:46.714576","2025-01-10 02:54:46.714576","59.21.15.239","1"
"338","2025-01-09 16:52:43.133907","2025-01-09 16:52:43.133907","119.37.1.84","1"
"339","2025-01-17 08:16:58.420215","2025-01-17 08:16:58.420215","110.37.186.107","1"
"340","2025-01-14 02:40:30.665838","2025-01-14 02:40:30.665838","172.120.210.85","1"
"341","2025-01-16 19:59:54.506297","2025-01-16 19:59:54.506297","62.57.70.21","1"
"342","2025-01-06 07:20:13.796292","2025-01-06 07:20:13.796292","210.78.40.61","1"
"343","2025-01-03 16:38:11.443338","2025-01-03 16:38:11.443338","210.122.196.121","1"
"344","2025-01-13 19:31:05.569240","2025-01-13 19:31:05.569240","3.233.48.109","1"
"345","2025-01-01 16:46:42.039951","2025-01-01 16:46:42.039951","11.146.22.182","1"
"346","2025-01-20 15:40:13.088588","2025-01-20 15:40:13.088588","46.25.95.116","1"
"347","2025-01-15 10:18:23.238994","2025-01-15 10:18:23.238994","189.123.218.137","1"
"348","2025-01-06 15:46:20.868760","2025-01-06 15:46:20.868760","25.150.9.185","1"
"349","2025-01-09 06:55:11.074085","2025-01-09 06:55:11.074085","34.249.248.234","1"
"350","2025-01-14 21:20:08.946626","2025-01-14 21:20:08.946626","126.208.78.226","1"
"351","2025-01-21 12:58:36.091165","2025-01-21 12:58:36.091165","210.41.141.2","1"
"352","2025-01-21 14:32:01.533813","2025-01-21 14:32:01.533813","193.44.225.94","1"
"353","2025-01-01 08:17:54.461444","2025-01-01 08:17:54.461444","143.69.147.150","1"
"354","2025-01-20 10:35:23.351649","2025-01-20 10:35:23.351649","164.214.191.221","1"
"355","2025-01-15 22:36:21.664154","2025-01-15 22:36:21.664154","96.21.121.147","1"
"356","2025-01-05 17:47:22.924873","2025-01-05 17:47:22.924873","161.66.161.212","1"
"357","2025-01-09 06:40:06.754148","2025-01-09 06:40:06.754148","180.31.57.172","1"
"358","2025-01-10 23:12:05.931951","2025-01-10 23:12:05.931951","77.9.24.15","1"
"359","2025-01-20 19:41:11.055800","2025-01-20 19:41:11.055800","160.22.5.183","1"
"360","2025-01-21 13:42:04.897814","2025-01-21 13:42:04.897814","101.29.70.196","1"
"361","2025-01-07 09:09:35.639661","2025-01-07 09:09:35.639661","219.206.183.128","1"
"362","2025-01-13 20:43:10.749157","2025-01-13 20:43:10.749157","15.40.132.194","1"
"363","2025-01-18 04:59:28.303362","2025-01-18 04:59:28.303362","61.82.97.12","1"
"364","2025-01-13 14:39:36.122088","2025-01-13 14:39:36.122088","83.215.125.64","1"
"365","2025-01-05 13:12:03.158996","2025-01-05 13:12:03.158996","14.79.28.216","1"
"366","2025-01-01 21:34:28.466957","2025-01-01 21:34:28.466957","216.9.171.32","1"
"367","2025-01-02 16:02:03.147795","2025-01-02 16:02:03.147795","91.183.32.106","1"
"368","2025-01-04 04:54:36.785466","2025-01-04 04:54:36.785466","193.70.9.110","1"
"369","2025-01-05 00:23:25.454659","2025-01-05 00:23:25.454659","111.237.174.138","1"
"370","2025-01-13 09:04:28.425878","2025-01-13 09:04:28.425878","125.26.84.86","1"
"371","2025-01-19 20:59:30.870110","2025-01-19 20:59:30.870110","215.230.70.222","1"
"372","2025-01-03 06:26:15.681207","2025-01-03 06:26:15.681207","11.160.34.221","1"
"373","2025-01-22 06:56:35.515646","2025-01-22 06:56:35.515646","83.31.235.247","1"
"374","2025-01-14 10:28:31.063402","2025-01-14 10:28:31.063402","171.39.76.248","1"
"375","2025-01-03 07:09:08.123405","2025-01-03 07:09:08.123405","158.87.140.143","1"
"376","2025-01-18 10:21:15.809146","2025-01-18 10:21:15.809146","108.88.82.114","1"
"377","2025-01-08 22:25:30.016990","2025-01-08 22:25:30.016990","152.240.139.9","1"
"378","2025-01-08 19:49:32.930452","2025-01-08 19:49:32.930452","86.146.166.178","1"
"379","2025-01-04 01:01:09.946282","2025-01-04 01:01:09.946282","23.241.70.196","1"
"380","2025-01-07 14:33:34.815766","2025-01-07 14:33:34.815766","101.162.2.113","1"
"381","2025-01-07 06:59:29.060410","2025-01-07 06:59:29.060410","111.239.177.25","1"
"382","2025-01-17 04:10:52.841909","2025-01-17 04:10:52.841909","143.231.52.48","1"
"383","2025-01-22 02:24:44.195005","2025-01-22 02:24:44.195005","66.94.252.22","1"
"384","2025-01-08 13:28:30.264721","2025-01-08 13:28:30.264721","2.94.242.252","1"
"385","2025-01-09 01:05:54.609101","2025-01-09 01:05:54.609101","199.125.140.169","1"
"386","2025-01-17 09:59:51.250309","2025-01-17 09:59:51.250309","92.214.129.141","1"
"387","2025-01-08 10:25:37.035486","2025-01-08 10:25:37.035486","55.84.191.154","1"
"388","2025-01-13 09:26:25.821911","2025-01-13 09:26:25.821911","207.54.129.99","1"
"389","2025-01-21 22:16:30.123960","2025-01-21 22:16:30.123960","110.198.45.36","1"
"390","2025-01-15 09:29:04.993969","2025-01-15 09:29:04.993969","11.226.151.86","1"
"391","2025-01-17 12:13:52.752730","2025-01-17 12:13:52.752730","175.114.4.72","1"
"392","2025-01-16 16:53:53.956933","2025-01-16 16:53:53.956933","12.187.55.206","1"
"393","2025-01-15 16:49:28.039005","2025-01-15 16:49:28.039005","122.26.139.74","1"
"394","2025-01-16 22:09:35.513515","2025-01-16 22:09:35.513515","122.198.117.62","1"
"395","2025-01-11 21:18:31.529099","2025-01-11 21:18:31.529099","116.223.140.244","1"
"396","2025-01-20 02:39:54.487828","2025-01-20 02:39:54.487828","16.67.201.6","1"
"397","2025-01-04 12:55:32.946688","2025-01-04 12:55:32.946688","81.184.152.118","1"
"398","2025-01-13 09:57:31.222715","2025-01-13 09:57:31.222715","72.252.122.27","1"
"399","2025-01-16 05:02:43.041724","2025-01-16 05:02:43.041724","13.86.104.83","1"
"400","2025-01-19 06:35:42.557344","2025-01-19 06:35:42.557344","211.242.230.69","1"
"401","2025-01-14 17:47:22.979133","2025-01-14 17:47:22.979133","55.220.174.187","1"
"402","2025-01-22 10:30:18.041019","2025-01-22 10:30:18.041019","156.157.157.172","1"
"403","2025-01-09 03:08:41.841039","2025-01-09 03:08:41.841039","140.119.4.204","1"
"404","2025-01-12 11:07:28.980975","2025-01-12 11:07:28.980975","210.91.70.230","1"
"405","2025-01-08 03:47:13.614120","2025-01-08 03:47:13.614120","190.226.155.218","1"
"406","2025-01-09 09:12:22.566986","2025-01-09 09:12:22.566986","168.107.223.103","1"
"407","2025-01-03 02:05:11.336374","2025-01-03 02:05:11.336374","6.29.190.166","1"
"408","2025-01-19 03:14:52.691879","2025-01-19 03:14:52.691879","219.99.102.4","1"
"409","2025-01-07 00:27:36.953641","2025-01-07 00:27:36.953641","180.168.239.44","1"
"410","2025-01-19 12:40:03.170036","2025-01-19 12:40:03.170036","163.78.161.198","1"
"411","2025-01-13 22:03:05.428852","2025-01-13 22:03:05.428852","6.24.152.130","1"
"412","2025-01-03 23:31:30.247246","2025-01-03 23:31:30.247246","80.145.20.10","1"
"413","2025-01-01 21:11:06.344023","2025-01-01 21:11:06.344023","42.1.48.121","1"
"414","2025-01-14 09:29:11.040061","2025-01-14 09:29:11.040061","157.254.153.82","1"
"415","2025-01-01 20:53:39.451450","2025-01-01 20:53:39.451450","162.48.68.48","1"
"416","2025-01-17 18:08:44.510143","2025-01-17 18:08:44.510143","200.29.102.90","1"
"417","2025-01-13 14:22:52.878479","2025-01-13 14:22:52.878479","5.169.209.61","1"
"418","2025-01-04 16:38:41.718551","2025-01-04 16:38:41.718551","166.199.117.175","1"
"419","2025-01-01 21:33:50.046585","2025-01-01 21:33:50.046585","25.251.115.184","1"
"420","2025-01-05 01:36:31.291360","2025-01-05 01:36:31.291360","211.255.41.251","1"
"421","2025-01-18 23:07:08.374564","2025-01-18 23:07:08.374564","8.252.163.125","1"
"422","2025-01-06 13:29:33.366747","2025-01-06 13:29:33.366747","6.137.163.190","1"
"423","2025-01-18 07:02:04.252738","2025-01-18 07:02:04.252738","120.116.242.212","1"
"424","2025-01-06 15:22:03.279134","2025-01-06 15:22:03.279134","73.40.46.240","1"
"425","2025-01-07 16:46:51.828168","2025-01-07 16:46:51.828168","24.137.148.55","1"
"426","2025-01-22 00:51:48.526495","2025-01-22 00:51:48.526495","168.119.154.66","1"
"427","2025-01-03 21:12:54.702664","2025-01-03 21:12:54.702664","89.76.85.168","1"
"428","2025-01-06 13:47:18.136440","2025-01-06 13:47:18.136440","99.237.204.240","1"
"429","2025-01-12 06:07:16.705615","2025-01-12 06:07:16.705615","51.10.215.107","1"
"430","2025-01-05 18:08:09.389078","2025-01-05 18:08:09.389078","1.39.38.222","1"
"431","2025-01-04 03:39:36.032707","2025-01-04 03:39:36.032707","166.211.26.191","1"
"432","2025-01-20 22:17:08.985379","2025-01-20 22:17:08.985379","128.145.41.29","1"
"433","2025-01-11 21:08:24.731716","2025-01-11 21:08:24.731716","197.102.7.77","1"
"434","2025-01-05 12:01:10.257901","2025-01-05 12:01:10.257901","220.163.140.167","1"
"435","2025-01-01 09:05:49.216002","2025-01-01 09:05:49.216002","76.62.91.184","1"
"436","2025-01-13 22:54:07.711628","2025-01-13 22:54:07.711628","75.137.192.209","1"
"437","2025-01-06 16:32:53.299367","2025-01-06 16:32:53.299367","37.213.97.129","1"
"438","2025-01-03 20:05:16.521850","2025-01-03 20:05:16.521850","193.1.82.33","1"
"439","2025-01-14 15:00:19.805667","2025-01-14 15:00:19.805667","104.197.130.254","1"
"440","2025-01-19 09:30:17.205829","2025-01-19 09:30:17.205829","131.234.77.223","1"
"441","2025-01-02 03:23:00.955020","2025-01-02 03:23:00.955020","45.251.163.100","1"
"442","2025-01-01 03:18:48.867913","2025-01-01 03:18:48.867913","58.210.57.127","1"
"443","2025-01-22 15:37:42.290075","2025-01-22 15:37:42.290075","61.114.132.103","1"
"444","2025-01-09 20:08:10.713371","2025-01-09 20:08:10.713371","107.100.123.160","1"
"445","2025-01-22 06:38:57.881575","2025-01-22 06:38:57.881575","146.189.241.80","1"
"446","2025-01-20 22:21:37.586735","2025-01-20 22:21:37.586735","42.24.172.43","1"
"447","2025-01-15 21:29:58.098586","2025-01-15 21:29:58.098586","29.211.163.237","1"
"448","2025-01-18 05:31:01.299163","2025-01-18 05:31:01.299163","67.223.211.157","1"
"449","2025-01-20 23:41:22.069504","2025-01-20 23:41:22.069504","188.225.246.238","1"
"450","2025-01-04 22:15:11.471562","2025-01-04 22:15:11.471562","155.35.148.43","1"
"451","2025-01-20 21:46:09.421285","2025-01-20 21:46:09.421285","143.93.84.46","1"
"452","2025-01-09 15:19:01.704365","2025-01-09 15:19:01.704365","121.97.191.122","1"
"453","2025-01-01 04:19:38.834912","2025-01-01 04:19:38.834912","101.160.199.83","1"
"454","2025-01-15 10:11:51.906424","2025-01-15 10:11:51.906424","201.29.61.98","1"
"455","2025-01-16 07:50:55.615552","2025-01-16 07:50:55.615552","219.208.6.58","1"
"456","2025-01-02 07:42:49.253751","2025-01-02 07:42:49.253751","90.202.120.196","1"
"457","2025-01-06 07:10:31.978992","2025-01-06 07:10:31.978992","169.216.224.19","1"
"458","2025-01-08 00:11:12.871079","2025-01-08 00:11:12.871079","177.189.41.178","1"
"459","2025-01-20 09:44:46.984118","2025-01-20 09:44:46.984118","173.107.217.131","1"
"460","2025-01-02 21:52:12.734874","2025-01-02 21:52:12.734874","47.155.202.29","1"
"461","2025-01-11 04:17:47.908808","2025-01-11 04:17:47.908808","58.169.146.231","1"
"462","2025-01-08 21:14:09.698975","2025-01-08 21:14:09.698975","103.187.91.235","1"
"463","2025-01-21 20:24:29.540281","2025-01-21 20:24:29.540281","39.167.98.77","1"
"464","2025-01-18 05:07:50.784197","2025-01-18 05:07:50.784197","112.189.113.25","1"
"465","2025-01-14 17:43:18.281103","2025-01-14 17:43:18.281103","85.160.21.210","1"
"466","2025-01-05 08:32:20.121334","2025-01-05 08:32:20.121334","108.223.73.127","1"
"467","2025-01-22 18:49:34.075899","2025-01-22 18:49:34.075899","91.192.105.72","1"
"468","2025-01-19 21:52:28.815715","2025-01-19 21:52:28.815715","162.4.61.197","1"
"469","2025-01-14 07:58:53.286473","2025-01-14 07:58:53.286473","33.64.59.252","1"
"470","2025-01-23 01:18:24.655940","2025-01-23 01:18:24.655940","218.51.27.224","1"
"471","2025-01-07 05:27:45.072442","2025-01-07 05:27:45.072442","50.112.240.5","1"
"472","2025-01-16 23:32:07.255503","2025-01-16 23:32:07.255503","13.123.251.160","1"
"473","2025-01-06 04:48:03.791125","2025-01-06 04:48:03.791125","144.90.174.221","1"
"474","2025-01-04 15:01:10.951114","2025-01-04 15:01:10.951114","203.42.82.212","1"
"475","2025-01-16 14:46:09.599339","2025-01-16 14:46:09.599339","201.43.35.112","1"
"476","2025-01-12 13:37:31.815748","2025-01-12 13:37:31.815748","142.120.26.83","1"
"477","2025-01-05 07:04:03.633460","2025-01-05 07:04:03.633460","178.234.117.190","1"
"478","2025-01-21 11:03:59.162357","2025-01-21 11:03:59.162357","143.49.217.92","1"
"479","2025-01-14 17:22:15.207678","2025-01-14 17:22:15.207678","138.218.66.196","1"
"480","2025-01-12 14:45:11.082689","2025-01-12 14:45:11.082689","20.70.171.119","1"
"481","2025-01-18 03:00:27.964753","2025-01-18 03:00:27.964753","45.211.208.169","1"
"482","2025-01-02 21:12:24.196911","2025-01-02 21:12:24.196911","214.2.182.163","1"
"483","2025-01-22 15:11:39.618603","2025-01-22 15:11:39.618603","103.39.169.150","1"
"484","2025-01-21 14:16:54.966610","2025-01-21 14:16:54.966610","163.236.35.31","1"
"485","2025-01-22 19:54:04.434788","2025-01-22 19:54:04.434788","54.166.152.223","1"
"486","2025-01-06 23:30:47.469424","2025-01-06 23:30:47.469424","81.246.15.5","1"
"487","2025-01-13 13:45:23.734863","2025-01-13 13:45:23.734863","185.29.153.169","1"
"488","2025-01-16 08:26:17.411457","2025-01-16 08:26:17.411457","198.223.48.221","1"
"489","2025-01-14 05:49:35.734786","2025-01-14 05:49:35.734786","76.111.100.208","1"
"490","2025-01-22 11:02:17.277448","2025-01-22 11:02:17.277448","213.69.102.118","1"
"491","2025-01-08 10:43:45.877175","2025-01-08 10:43:45.877175","22.210.74.6","1"
"492","2025-01-10 10:07:51.053392","2025-01-10 10:07:51.053392","44.207.5.157","1"
"493","2025-01-04 12:52:09.025109","2025-01-04 12:52:09.025109","194.189.145.198","1"
"494","2025-01-07 02:11:26.325792","2025-01-07 02:11:26.325792","49.190.220.161","1"
"495","2025-01-02 15:07:11.309434","2025-01-02 15:07:11.309434","211.207.241.197","1"
"496","2025-01-12 16:01:28.871934","2025-01-12 16:01:28.871934","223.68.94.119","1"
"497","2025-01-05 06:23:32.811628","2025-01-05 06:23:32.811628","211.213.152.228","1"
"498","2025-01-21 01:11:46.242133","2025-01-21 01:11:46.242133","95.175.61.113","1"
"499","2025-01-09 12:10:26.540761","2025-01-09 12:10:26.540761","25.97.154.171","1"
"500","2025-01-09 08:30:04.170518","2025-01-09 08:30:04.170518","61.135.138.177","1"
"501","2025-01-17 03:55:05.380435","2025-01-17 03:55:05.380435","66.163.137.12","1"
"502","2025-01-01 12:56:36.676682","2025-01-01 12:56:36.676682","223.85.192.248","1"
"503","2025-01-13 22:22:40.558497","2025-01-13 22:22:40.558497","200.224.123.80","1"
"504","2025-01-21 08:46:02.450896","2025-01-21 08:46:02.450896","150.22.184.155","1"
"505","2025-01-06 01:26:35.930141","2025-01-06 01:26:35.930141","113.29.54.45","1"
"506","2025-01-04 06:13:16.807259","2025-01-04 06:13:16.807259","86.5.22.125","1"
"507","2025-01-18 23:53:18.864555","2025-01-18 23:53:18.864555","72.181.219.186","1"
"508","2025-01-19 17:27:59.174162","2025-01-19 17:27:59.174162","52.83.127.107","1"
"509","2025-01-15 00:53:39.319943","2025-01-15 00:53:39.319943","151.61.94.86","1"
"510","2025-01-22 21:56:04.445537","2025-01-22 21:56:04.445537","54.42.166.15","1"
"511","2025-01-17 23:37:19.635962","2025-01-17 23:37:19.635962","118.229.129.101","1"
"512","2025-01-05 01:06:54.406972","2025-01-05 01:06:54.406972","123.41.86.64","1"
"513","2025-01-08 12:33:37.174421","2025-01-08 12:33:37.174421","191.222.57.185","1"
"514","2025-01-04 00:13:19.869106","2025-01-04 00:13:19.869106","99.31.253.177","1"
"515","2025-01-19 12:49:25.638611","2025-01-19 12:49:25.638611","27.3.253.105","1"
"516","2025-01-08 01:16:52.632512","2025-01-08 01:16:52.632512","142.80.234.213","1"
"517","2025-01-22 09:57:34.430335","2025-01-22 09:57:34.430335","216.231.201.110","1"
"518","2025-01-18 16:18:42.602930","2025-01-18 16:18:42.602930","205.34.142.195","1"
"519","2025-01-03 00:27:07.713407","2025-01-03 00:27:07.713407","183.0.137.87","1"
"520","2025-01-10 20:17:51.119402","2025-01-10 20:17:51.119402","21.51.47.58","1"
"521","2025-01-21 15:16:42.403427","2025-01-21 15:16:42.403427","53.64.30.242","1"
"522","2025-01-01 20:49:08.283389","2025-01-01 20:49:08.283389","54.201.42.175","1"
"523","2025-01-21 20:33:27.298682","2025-01-21 20:33:27.298682","31.26.179.210","1"
"524","2025-01-15 19:26:51.037294","2025-01-15 19:26:51.037294","193.54.236.79","1"
"525","2025-01-18 21:50:46.280839","2025-01-18 21:50:46.280839","220.35.113.52","1"
"526","2025-01-22 05:50:49.815735","2025-01-22 05:50:49.815735","190.159.56.112","1"
"527","2025-01-11 19:41:44.691590","2025-01-11 19:41:44.691590","106.207.93.151","1"
"528","2025-01-18 08:16:39.759572","2025-01-18 08:16:39.759572","163.99.2.25","1"
"529","2025-01-22 05:07:19.712401","2025-01-22 05:07:19.712401","153.223.162.252","1"
"530","2025-01-04 09:58:48.392784","2025-01-04 09:58:48.392784","49.43.102.108","1"
"531","2025-01-23 11:24:12.866002","2025-01-23 11:24:12.866002","214.95.77.206","1"
"532","2025-01-15 17:57:14.542347","2025-01-15 17:57:14.542347","106.186.198.4","1"
"533","2025-01-20 16:26:58.077118","2025-01-20 16:26:58.077118","41.183.22.74","1"
"534","2025-01-14 17:29:40.657612","2025-01-14 17:29:40.657612","25.18.175.90","1"
"535","2025-01-04 11:18:02.785417","2025-01-04 11:18:02.785417","35.139.34.205","1"
"536","2025-01-15 15:03:17.793249","2025-01-15 15:03:17.793249","102.126.189.216","1"
"537","2025-01-05 15:29:52.512945","2025-01-05 15:29:52.512945","72.22.163.26","1"
"538","2025-01-02 21:15:24.699245","2025-01-02 21:15:24.699245","33.165.106.86","1"
"539","2025-01-01 16:03:00.941422","2025-01-01 16:03:00.941422","182.242.29.175","1"
"540","2025-01-20 15:33:06.943465","2025-01-20 15:33:06.943465","101.57.184.249","1"
"541","2025-01-21 03:04:44.171955","2025-01-21 03:04:44.171955","118.255.140.68","1"
"542","2025-01-12 11:34:35.003967","2025-01-12 11:34:35.003967","85.126.152.169","1"
"543","2025-01-04 10:31:42.525686","2025-01-04 10:31:42.525686","134.251.224.8","1"
"544","2025-01-11 11:50:28.112367","2025-01-11 11:50:28.112367","112.66.48.86","1"
"545","2025-01-10 12:57:30.421063","2025-01-10 12:57:30.421063","131.166.131.222","1"
"546","2025-01-02 10:47:20.975283","2025-01-02 10:47:20.975283","213.89.214.148","1"
"547","2025-01-16 10:31:16.851097","2025-01-16 10:31:16.851097","205.88.46.96","1"
"548","2025-01-05 17:12:00.718299","2025-01-05 17:12:00.718299","207.108.128.131","1"
"549","2025-01-13 00:22:38.529452","2025-01-13 00:22:38.529452","15.29.111.110","1"
"550","2025-01-08 12:15:28.205381","2025-01-08 12:15:28.205381","132.123.234.41","1"
"551","2025-01-05 03:47:52.457613","2025-01-05 03:47:52.457613","103.5.218.18","1"
"552","2025-01-15 17:01:12.078217","2025-01-15 17:01:12.078217","153.240.253.181","1"
"553","2025-01-21 07:08:09.077651","2025-01-21 07:08:09.077651","62.0.157.13","1"
"554","2025-01-15 13:58:52.221366","2025-01-15 13:58:52.221366","65.77.36.186","1"
"555","2025-01-11 00:32:30.025663","2025-01-11 00:32:30.025663","83.119.130.32","1"
"556","2025-01-04 10:10:58.604432","2025-01-04 10:10:58.604432","20.104.193.227","1"
"557","2025-01-08 06:38:31.163911","2025-01-08 06:38:31.163911","124.235.207.96","1"
"558","2025-01-18 22:26:53.357453","2025-01-18 22:26:53.357453","56.83.248.245","1"
"559","2025-01-05 17:19:25.781121","2025-01-05 17:19:25.781121","155.13.162.38","1"
"560","2025-01-20 13:55:02.515654","2025-01-20 13:55:02.515654","174.11.90.188","1"
"561","2025-01-04 14:23:37.920372","2025-01-04 14:23:37.920372","191.152.174.95","1"
"562","2025-01-07 20:16:13.743574","2025-01-07 20:16:13.743574","51.161.88.17","1"
"563","2025-01-07 12:30:15.002539","2025-01-07 12:30:15.002539","14.37.154.31","1"
"564","2025-01-09 15:48:03.234866","2025-01-09 15:48:03.234866","117.167.76.190","1"
"565","2025-01-04 13:18:27.879372","2025-01-04 13:18:27.879372","135.87.149.58","1"
"566","2025-01-01 08:23:09.366937","2025-01-01 08:23:09.366937","79.8.119.6","1"
"567","2025-01-16 14:52:26.825161","2025-01-16 14:52:26.825161","106.8.22.14","1"
"568","2025-01-05 22:31:14.256016","2025-01-05 22:31:14.256016","31.19.204.249","1"
"569","2025-01-02 02:25:26.308896","2025-01-02 02:25:26.308896","155.1.109.124","1"
"570","2025-01-22 02:11:56.216577","2025-01-22 02:11:56.216577","213.205.224.238","1"
"571","2025-01-22 13:56:55.181697","2025-01-22 13:56:55.181697","96.71.235.40","1"
"572","2025-01-02 18:54:11.659091","2025-01-02 18:54:11.659091","121.108.54.40","1"
"573","2025-01-17 00:45:21.969466","2025-01-17 00:45:21.969466","91.3.169.89","1"
"574","2025-01-02 11:09:15.624081","2025-01-02 11:09:15.624081","74.203.8.142","1"
"575","2025-01-21 23:03:28.865007","2025-01-21 23:03:28.865007","107.21.198.240","1"
"576","2025-01-09 01:32:58.033171","2025-01-09 01:32:58.033171","77.18.194.39","1"
"577","2025-01-06 03:56:50.346731","2025-01-06 03:56:50.346731","15.106.26.47","1"
"578","2025-01-04 18:10:35.334557","2025-01-04 18:10:35.334557","18.76.228.252","1"
"579","2025-01-08 04:31:26.010437","2025-01-08 04:31:26.010437","130.122.200.75","1"
"580","2025-01-13 12:16:23.230040","2025-01-13 12:16:23.230040","118.14.130.254","1"
"581","2025-01-10 23:05:15.100754","2025-01-10 23:05:15.100754","221.97.39.110","1"
"582","2025-01-10 20:06:44.020703","2025-01-10 20:06:44.020703","192.212.179.253","1"
"583","2025-01-22 09:27:12.486356","2025-01-22 09:27:12.486356","189.157.159.128","1"
"584","2025-01-06 04:41:22.175975","2025-01-06 04:41:22.175975","88.24.161.252","1"
"585","2025-01-15 06:55:00.358441","2025-01-15 06:55:00.358441","46.139.99.197","1"
"586","2025-01-09 04:57:44.586220","2025-01-09 04:57:44.586220","130.59.173.145","1"
"587","2025-01-16 12:35:40.991302","2025-01-16 12:35:40.991302","26.186.40.169","1"
"588","2025-01-18 11:09:49.575120","2025-01-18 11:09:49.575120","75.238.142.237","1"
"589","2025-01-07 21:55:49.519727","2025-01-07 21:55:49.519727","87.222.216.184","1"
"590","2025-01-12 22:49:57.974706","2025-01-12 22:49:57.974706","162.6.31.201","1"
"591","2025-01-14 19:05:29.678427","2025-01-14 19:05:29.678427","49.166.131.151","1"
"592","2025-01-20 04:42:30.382049","2025-01-20 04:42:30.382049","19.193.161.100","1"
"593","2025-01-07 15:08:10.363281","2025-01-07 15:08:10.363281","43.4.172.44","1"
"594","2025-01-05 01:12:17.072301","2025-01-05 01:12:17.072301","154.253.240.120","1"
"595","2025-01-14 19:10:38.587527","2025-01-14 19:10:38.587527","223.224.41.102","1"
"596","2025-01-04 15:43:54.584540","2025-01-04 15:43:54.584540","109.120.220.63","1"
"597","2025-01-01 21:08:48.892177","2025-01-01 21:08:48.892177","190.47.149.183","1"
"598","2025-01-05 18:06:36.698455","2025-01-05 18:06:36.698455","34.247.93.119","1"
"599","2025-01-10 23:12:16.892905","2025-01-10 23:12:16.892905","206.67.77.232","1"
"600","2025-01-17 11:20:21.779130","2025-01-17 11:20:21.779130","131.201.101.127","1"
"601","2025-01-12 08:36:28.140261","2025-01-12 08:36:28.140261","57.68.226.81","1"
"602","2025-01-17 00:49:30.279289","2025-01-17 00:49:30.279289","39.64.71.126","1"
"603","2025-01-13 11:35:37.275218","2025-01-13 11:35:37.275218","175.152.30.241","1"
"604","2025-01-14 09:18:03.781040","2025-01-14 09:18:03.781040","171.92.159.164","1"
"605","2025-01-17 04:53:39.469394","2025-01-17 04:53:39.469394","66.177.197.196","1"
"606","2025-01-13 07:27:16.769204","2025-01-13 07:27:16.769204","169.226.217.83","1"
"607","2025-01-18 21:22:30.565609","2025-01-18 21:22:30.565609","17.4.255.40","1"
"608","2025-01-06 06:42:12.179480","2025-01-06 06:42:12.179480","60.110.28.122","1"
"609","2025-01-03 01:07:34.716146","2025-01-03 01:07:34.716146","44.210.236.37","1"
"610","2025-01-20 13:58:21.464716","2025-01-20 13:58:21.464716","125.49.185.198","1"
"611","2025-01-20 23:12:36.958573","2025-01-20 23:12:36.958573","64.177.164.101","1"
"612","2025-01-05 04:04:18.270861","2025-01-05 04:04:18.270861","176.217.4.116","1"
"613","2025-01-03 17:52:01.261865","2025-01-03 17:52:01.261865","16.150.16.234","1"
"614","2025-01-07 02:45:08.510173","2025-01-07 02:45:08.510173","15.39.3.253","1"
"615","2025-01-11 03:07:18.904655","2025-01-11 03:07:18.904655","31.14.80.122","1"
"616","2025-01-19 17:13:47.254304","2025-01-19 17:13:47.254304","13.218.151.147","1"
"617","2025-01-01 09:07:24.702971","2025-01-01 09:07:24.702971","106.12.72.181","1"
"618","2025-01-04 01:14:58.194220","2025-01-04 01:14:58.194220","83.195.97.92","1"
"619","2025-01-04 12:55:33.052608","2025-01-04 12:55:33.052608","195.168.11.102","1"
"620","2025-01-01 01:18:09.942082","2025-01-01 01:18:09.942082","186.160.191.161","1"
"621","2025-01-17 23:47:36.974713","2025-01-17 23:47:36.974713","68.224.218.29","1"
"622","2025-01-17 02:09:58.747929","2025-01-17 02:09:58.747929","43.183.3.76","1"
"623","2025-01-14 09:03:41.189870","2025-01-14 09:03:41.189870","134.253.191.237","1"
"624","2025-01-11 12:05:31.269935","2025-01-11 12:05:31.269935","91.141.231.245","1"
"625","2025-01-09 19:05:22.770910","2025-01-09 19:05:22.770910","17.9.77.245","1"
"626","2025-01-14 07:45:31.271477","2025-01-14 07:45:31.271477","215.236.140.16","1"
"627","2025-01-12 07:24:53.539794","2025-01-12 07:24:53.539794","145.245.68.207","1"
"628","2025-01-06 00:57:42.853669","2025-01-06 00:57:42.853669","204.9.34.40","1"
"629","2025-01-10 12:59:29.391145","2025-01-10 12:59:29.391145","201.164.80.85","1"
"630","2025-01-03 17:22:34.971882","2025-01-03 17:22:34.971882","56.48.54.70","1"
"631","2025-01-10 22:18:28.227749","2025-01-10 22:18:28.227749","132.208.188.15","1"
"632","2025-01-18 02:07:09.387433","2025-01-18 02:07:09.387433","50.118.131.113","1"
"633","2025-01-07 13:13:46.960893","2025-01-07 13:13:46.960893","133.215.164.111","1"
"634","2025-01-19 11:08:08.817524","2025-01-19 11:08:08.817524","152.3.63.54","1"
"635","2025-01-05 09:29:23.796848","2025-01-05 09:29:23.796848","11.209.101.240","1"
"636","2025-01-14 02:51:16.761070","2025-01-14 02:51:16.761070","197.196.99.26","1"
"637","2025-01-08 04:28:59.195022","2025-01-08 04:28:59.195022","95.169.139.123","1"
"638","2025-01-08 04:22:09.735444","2025-01-08 04:22:09.735444","211.233.91.115","1"
"639","2025-01-15 20:49:23.110164","2025-01-15 20:49:23.110164","94.110.131.162","1"
"640","2025-01-05 10:40:10.446433","2025-01-05 10:40:10.446433","66.32.214.198","1"
"641","2025-01-20 00:10:21.321012","2025-01-20 00:10:21.321012","62.172.246.163","1"
"642","2025-01-17 16:46:18.125865","2025-01-17 16:46:18.125865","139.222.1.207","1"
"643","2025-01-13 12:24:25.183242","2025-01-13 12:24:25.183242","220.93.174.18","1"
"644","2025-01-14 17:51:20.370223","2025-01-14 17:51:20.370223","152.152.100.164","1"
"645","2025-01-22 12:32:15.877600","2025-01-22 12:32:15.877600","18.249.65.134","1"
"646","2025-01-17 14:59:44.797826","2025-01-17 14:59:44.797826","215.54.89.182","1"
"647","2025-01-19 10:17:04.665999","2025-01-19 10:17:04.665999","43.163.33.30","1"
"648","2025-01-19 16:18:38.436862","2025-01-19 16:18:38.436862","142.250.32.165","1"
"649","2025-01-09 19:50:21.415047","2025-01-09 19:50:21.415047","221.61.56.53","1"
"650","2025-01-21 04:37:32.684744","2025-01-21 04:37:32.684744","98.141.146.5","1"
"651","2025-01-17 18:52:44.732960","2025-01-17 18:52:44.732960","132.33.29.40","1"
"652","2025-01-13 06:03:13.321417","2025-01-13 06:03:13.321417","17.35.131.18","1"
"653","2025-01-06 00:54:45.148547","2025-01-06 00:54:45.148547","216.112.196.160","1"
"654","2025-01-02 16:12:29.577681","2025-01-02 16:12:29.577681","25.243.154.200","1"
"655","2025-01-14 02:14:46.466097","2025-01-14 02:14:46.466097","148.146.230.4","1"
"656","2025-01-23 04:32:43.965890","2025-01-23 04:32:43.965890","196.255.124.231","1"
"657","2025-01-21 16:54:16.437535","2025-01-21 16:54:16.437535","64.110.128.82","1"
"658","2025-01-01 20:17:32.846756","2025-01-01 20:17:32.846756","85.194.205.181","1"
"659","2025-01-12 08:22:02.545830","2025-01-12 08:22:02.545830","80.0.192.114","1"
"660","2025-01-02 19:26:35.914916","2025-01-02 19:26:35.914916","108.126.194.226","1"
"661","2025-01-02 05:20:24.662957","2025-01-02 05:20:24.662957","164.168.184.31","1"
"662","2025-01-07 23:06:16.924019","2025-01-07 23:06:16.924019","24.68.190.198","1"
"663","2025-01-22 10:07:11.126307","2025-01-22 10:07:11.126307","202.239.32.195","1"
"664","2025-01-05 17:26:06.718476","2025-01-05 17:26:06.718476","82.66.172.150","1"
"665","2025-01-18 18:04:03.430237","2025-01-18 18:04:03.430237","213.21.53.2","1"
"666","2025-01-14 13:00:31.392352","2025-01-14 13:00:31.392352","113.70.23.63","1"
"667","2025-01-06 08:55:56.088521","2025-01-06 08:55:56.088521","56.159.183.105","1"
"668","2025-01-01 20:36:39.407539","2025-01-01 20:36:39.407539","28.22.101.198","1"
"669","2025-01-08 06:05:31.381154","2025-01-08 06:05:31.381154","15.184.193.127","1"
"670","2025-01-03 11:51:59.642610","2025-01-03 11:51:59.642610","9.48.47.105","1"
"671","2025-01-15 08:31:04.329965","2025-01-15 08:31:04.329965","211.214.185.40","1"
"672","2025-01-04 00:08:37.489680","2025-01-04 00:08:37.489680","13.199.7.19","1"
"673","2025-01-11 20:49:13.867802","2025-01-11 20:49:13.867802","113.32.144.58","1"
"674","2025-01-20 04:23:37.079955","2025-01-20 04:23:37.079955","82.79.201.231","1"
"675","2025-01-16 23:44:55.742477","2025-01-16 23:44:55.742477","13.241.199.242","1"
"676","2025-01-10 11:32:53.166983","2025-01-10 11:32:53.166983","29.211.132.116","1"
"677","2025-01-08 05:31:07.649397","2025-01-08 05:31:07.649397","101.141.167.109","1"
"678","2025-01-01 01:32:29.761253","2025-01-01 01:32:29.761253","169.165.222.65","1"
"679","2025-01-04 05:43:08.524657","2025-01-04 05:43:08.524657","167.215.99.84","1"
"680","2025-01-14 14:09:22.210427","2025-01-14 14:09:22.210427","187.92.32.138","1"
"681","2025-01-16 04:14:01.584211","2025-01-16 04:14:01.584211","30.248.214.32","1"
"682","2025-01-21 20:21:56.997542","2025-01-21 20:21:56.997542","145.36.109.89","1"
"683","2025-01-13 10:41:04.788061","2025-01-13 10:41:04.788061","161.35.163.212","1"
"684","2025-01-19 06:40:43.330345","2025-01-19 06:40:43.330345","81.189.7.2","1"
"685","2025-01-01 21:03:08.469537","2025-01-01 21:03:08.469537","213.48.51.205","1"
"686","2025-01-03 12:07:29.173363","2025-01-03 12:07:29.173363","15.110.74.46","1"
"687","2025-01-03 10:07:13.720363","2025-01-03 10:07:13.720363","221.230.183.219","1"
"688","2025-01-01 23:03:21.829921","2025-01-01 23:03:21.829921","133.83.173.197","1"
"689","2025-01-09 10:01:41.909769","2025-01-09 10:01:41.909769","10.88.229.155","1"
"690","2025-01-14 04:33:01.881558","2025-01-14 04:33:01.881558","86.158.250.77","1"
"691","2025-01-11 04:33:10.581398","2025-01-11 04:33:10.581398","208.156.53.170","1"
"692","2025-01-10 14:37:42.800108","2025-01-10 14:37:42.800108","108.218.137.190","1"
"693","2025-01-05 08:53:16.833873","2025-01-05 08:53:16.833873","77.153.104.41","1"
"694","2025-01-12 20:53:00.382267","2025-01-12 20:53:00.382267","192.123.214.252","1"
"695","2025-01-18 18:32:11.904300","2025-01-18 18:32:11.904300","154.201.130.198","1"
"696","2025-01-15 07:03:32.384316","2025-01-15 07:03:32.384316","32.115.142.74","1"
"697","2025-01-17 06:33:55.980891","2025-01-17 06:33:55.980891","6.254.194.135","1"
"698","2025-01-09 07:44:13.325941","2025-01-09 07:44:13.325941","157.247.124.204","1"
"699","2025-01-10 06:47:13.214048","2025-01-10 06:47:13.214048","141.26.191.163","1"
"700","2025-01-05 06:54:48.996167","2025-01-05 06:54:48.996167","153.135.76.255","1"
"701","2025-01-05 11:02:46.801131","2025-01-05 11:02:46.801131","107.125.119.131","1"
"702","2025-01-15 23:44:06.660736","2025-01-15 23:44:06.660736","182.64.90.7","1"
"703","2025-01-20 19:05:47.034994","2025-01-20 19:05:47.034994","170.48.69.41","1"
"704","2025-01-20 16:49:36.507537","2025-01-20 16:49:36.507537","93.59.94.3","1"
"705","2025-01-07 21:22:49.925480","2025-01-07 21:22:49.925480","168.207.200.160","1"
"706","2025-01-09 20:31:14.397968","2025-01-09 20:31:14.397968","9.250.164.102","1"
"707","2025-01-13 14:46:56.300938","2025-01-13 14:46:56.300938","148.26.38.116","1"
"708","2025-01-11 06:56:14.163964","2025-01-11 06:56:14.163964","125.202.223.241","1"
"709","2025-01-01 06:18:03.926389","2025-01-01 06:18:03.926389","175.109.233.141","1"
"710","2025-01-05 17:43:59.518664","2025-01-05 17:43:59.518664","134.67.130.79","1"
"711","2025-01-08 09:23:45.520359","2025-01-08 09:23:45.520359","202.251.4.112","1"
"712","2025-01-21 02:49:41.728438","2025-01-21 02:49:41.728438","90.39.182.190","1"
"713","2025-01-16 18:46:12.420592","2025-01-16 18:46:12.420592","98.27.39.145","1"
"714","2025-01-18 01:39:39.238230","2025-01-18 01:39:39.238230","26.89.58.183","1"
"715","2025-01-19 03:41:12.524700","2025-01-19 03:41:12.524700","14.177.60.183","1"
"716","2025-01-05 01:45:49.085770","2025-01-05 01:45:49.085770","14.51.31.155","1"
"717","2025-01-12 07:26:46.140321","2025-01-12 07:26:46.140321","168.183.14.105","1"
"718","2025-01-14 09:49:24.021036","2025-01-14 09:49:24.021036","177.114.139.250","1"
"719","2025-01-04 01:43:18.972539","2025-01-04 01:43:18.972539","16.217.234.219","1"
"720","2025-01-10 20:52:53.236083","2025-01-10 20:52:53.236083","71.129.108.249","1"
"721","2025-01-19 15:50:35.204812","2025-01-19 15:50:35.204812","146.90.226.149","1"
"722","2025-01-11 12:24:53.138391","2025-01-11 12:24:53.138391","116.79.66.206","1"
"723","2025-01-20 13:18:06.306641","2025-01-20 13:18:06.306641","152.98.78.170","1"
"724","2025-01-09 23:16:23.370795","2025-01-09 23:16:23.370795","5.31.0.170","1"
"725","2025-01-04 03:32:15.469553","2025-01-04 03:32:15.469553","143.65.32.45","1"
"726","2025-01-06 18:27:05.391216","2025-01-06 18:27:05.391216","154.2.25.91","1"
"727","2025-01-07 20:20:50.809162","2025-01-07 20:20:50.809162","129.96.181.131","1"
"728","2025-01-20 21:05:05.724204","2025-01-20 21:05:05.724204","85.245.36.47","1"
"729","2025-01-20 16:12:32.815613","2025-01-20 16:12:32.815613","113.76.244.150","1"
"730","2025-01-18 00:49:03.979293","2025-01-18 00:49:03.979293","96.120.141.5","1"
"731","2025-01-17 06:28:21.606035","2025-01-17 06:28:21.606035","141.115.57.69","1"
"732","2025-01-16 09:19:00.568521","2025-01-16 09:19:00.568521","130.157.59.22","1"
"733","2025-01-17 09:14:13.046069","2025-01-17 09:14:13.046069","5.14.182.61","1"
"734","2025-01-13 11:22:37.037547","2025-01-13 11:22:37.037547","39.97.109.30","1"
"735","2025-01-22 02:32:04.430469","2025-01-22 02:32:04.430469","28.208.153.171","1"
"736","2025-01-19 19:27:53.523771","2025-01-19 19:27:53.523771","195.30.85.149","1"
"737","2025-01-20 18:34:21.497258","2025-01-20 18:34:21.497258","18.247.209.129","1"
"738","2025-01-23 03:51:32.420059","2025-01-23 03:51:32.420059","62.191.196.120","1"
"739","2025-01-20 23:07:57.177925","2025-01-20 23:07:57.177925","141.39.162.155","1"
"740","2025-01-01 07:49:39.464302","2025-01-01 07:49:39.464302","132.87.160.214","1"
"741","2025-01-22 11:28:51.798163","2025-01-22 11:28:51.798163","137.168.227.174","1"
"742","2025-01-19 11:11:33.289290","2025-01-19 11:11:33.289290","77.69.226.23","1"
"743","2025-01-09 09:43:15.952325","2025-01-09 09:43:15.952325","126.92.43.178","1"
"744","2025-01-17 23:08:48.715296","2025-01-17 23:08:48.715296","123.94.166.141","1"
"745","2025-01-01 15:28:18.506141","2025-01-01 15:28:18.506141","194.52.255.39","1"
"746","2025-01-16 14:21:48.906437","2025-01-16 14:21:48.906437","217.31.110.160","1"
"747","2025-01-06 09:50:23.277205","2025-01-06 09:50:23.277205","176.252.236.224","1"
"748","2025-01-10 21:57:36.287111","2025-01-10 21:57:36.287111","222.95.70.74","1"
"749","2025-01-21 02:39:00.388252","2025-01-21 02:39:00.388252","23.39.68.121","1"
"750","2025-01-17 09:39:25.773256","2025-01-17 09:39:25.773256","171.91.183.54","1"
"751","2025-01-04 02:01:48.364453","2025-01-04 02:01:48.364453","15.87.88.152","1"
"752","2025-01-09 20:22:48.513796","2025-01-09 20:22:48.513796","120.53.28.24","1"
"753","2025-01-17 02:12:33.235977","2025-01-17 02:12:33.235977","21.57.190.42","1"
"754","2025-01-10 22:34:39.618533","2025-01-10 22:34:39.618533","30.103.104.196","1"
"755","2025-01-11 21:20:31.705515","2025-01-11 21:20:31.705515","8.52.97.70","1"
"756","2025-01-13 10:31:32.945398","2025-01-13 10:31:32.945398","138.52.213.190","1"
"757","2025-01-07 22:47:10.605745","2025-01-07 22:47:10.605745","71.186.225.31","1"
"758","2025-01-09 18:06:31.534878","2025-01-09 18:06:31.534878","92.192.39.27","1"
"759","2025-01-05 00:26:55.444351","2025-01-05 00:26:55.444351","117.19.33.9","1"
"760","2025-01-20 06:26:39.431315","2025-01-20 06:26:39.431315","132.8.193.172","1"
"761","2025-01-14 12:38:15.754529","2025-01-14 12:38:15.754529","68.30.11.243","1"
"762","2025-01-14 04:19:17.938669","2025-01-14 04:19:17.938669","118.89.201.185","1"
"763","2025-01-18 11:16:47.844872","2025-01-18 11:16:47.844872","197.72.93.127","1"
"764","2025-01-15 14:13:26.006753","2025-01-15 14:13:26.006753","34.16.92.118","1"
"765","2025-01-01 13:49:14.678787","2025-01-01 13:49:14.678787","115.18.65.198","1"
"766","2025-01-20 14:01:37.041965","2025-01-20 14:01:37.041965","57.15.149.0","1"
"767","2025-01-12 08:11:49.470041","2025-01-12 08:11:49.470041","90.167.133.44","1"
"768","2025-01-05 09:05:50.771887","2025-01-05 09:05:50.771887","55.206.82.24","1"
"769","2025-01-01 05:46:37.432216","2025-01-01 05:46:37.432216","5.212.114.215","1"
"770","2025-01-06 08:35:23.183733","2025-01-06 08:35:23.183733","144.145.67.85","1"
"771","2025-01-17 05:21:04.193038","2025-01-17 05:21:04.193038","27.183.79.213","1"
"772","2025-01-01 21:02:13.935968","2025-01-01 21:02:13.935968","105.206.177.158","1"
"773","2025-01-21 08:43:03.168950","2025-01-21 08:43:03.168950","99.205.195.199","1"
"774","2025-01-23 02:41:02.155690","2025-01-23 02:41:02.155690","46.94.10.60","1"
"775","2025-01-03 20:04:28.540009","2025-01-03 20:04:28.540009","214.135.58.168","1"
"776","2025-01-03 02:28:20.102006","2025-01-03 02:28:20.102006","11.169.87.28","1"
"777","2025-01-21 00:08:45.799418","2025-01-21 00:08:45.799418","219.34.180.100","1"
"778","2025-01-07 03:11:24.566603","2025-01-07 03:11:24.566603","179.18.246.37","1"
"779","2025-01-04 12:05:13.350020","2025-01-04 12:05:13.350020","147.93.201.137","1"
"780","2025-01-15 09:42:49.825635","2025-01-15 09:42:49.825635","43.189.98.237","1"
"781","2025-01-15 03:43:17.862080","2025-01-15 03:43:17.862080","206.1.247.90","1"
"782","2025-01-07 21:30:45.621081","2025-01-07 21:30:45.621081","214.207.133.85","1"
"783","2025-01-08 19:11:35.624884","2025-01-08 19:11:35.624884","126.222.251.14","1"
"784","2025-01-17 19:31:34.531754","2025-01-17 19:31:34.531754","6.67.51.200","1"
"785","2025-01-11 11:01:29.820795","2025-01-11 11:01:29.820795","2.172.118.165","1"
"786","2025-01-11 20:10:21.717497","2025-01-11 20:10:21.717497","114.164.17.142","1"
"787","2025-01-12 13:59:12.145214","2025-01-12 13:59:12.145214","10.34.27.45","1"
"788","2025-01-13 15:52:17.675493","2025-01-13 15:52:17.675493","110.225.74.38","1"
"789","2025-01-15 20:20:00.400724","2025-01-15 20:20:00.400724","185.221.217.36","1"
"790","2025-01-19 21:17:54.278797","2025-01-19 21:17:54.278797","86.120.128.227","1"
"791","2025-01-21 23:14:17.716233","2025-01-21 23:14:17.716233","134.99.178.173","1"
"792","2025-01-08 20:17:43.480239","2025-01-08 20:17:43.480239","191.169.209.129","1"
"793","2025-01-12 11:12:47.561229","2025-01-12 11:12:47.561229","185.185.38.123","1"
"794","2025-01-13 15:10:33.781273","2025-01-13 15:10:33.781273","33.164.178.118","1"
"795","2025-01-19 16:27:35.499175","2025-01-19 16:27:35.499175","159.216.220.54","1"
"796","2025-01-11 20:55:37.141243","2025-01-11 20:55:37.141243","1.223.113.254","1"
"797","2025-01-21 19:26:46.943579","2025-01-21 19:26:46.943579","143.221.231.133","1"
"798","2025-01-13 09:13:43.894826","2025-01-13 09:13:43.894826","217.100.188.125","1"
"799","2025-01-13 14:49:31.558012","2025-01-13 14:49:31.558012","38.244.201.61","1"
"800","2025-01-01 19:36:27.521708","2025-01-01 19:36:27.521708","143.42.16.208","1"
"801","2025-01-05 03:19:36.295648","2025-01-05 03:19:36.295648","77.146.126.29","1"
"802","2025-01-12 15:38:44.245606","2025-01-12 15:38:44.245606","93.106.66.61","1"
"803","2025-01-05 16:25:41.205173","2025-01-05 16:25:41.205173","58.171.79.5","1"
"804","2025-01-11 06:12:16.962488","2025-01-11 06:12:16.962488","121.12.254.92","1"
"805","2025-01-08 07:19:03.958265","2025-01-08 07:19:03.958265","204.218.4.107","1"
"806","2025-01-01 06:03:58.880347","2025-01-01 06:03:58.880347","6.180.105.74","1"
"807","2025-01-19 07:29:45.096136","2025-01-19 07:29:45.096136","70.120.5.59","1"
"808","2025-01-13 12:39:05.840897","2025-01-13 12:39:05.840897","94.110.12.83","1"
"809","2025-01-08 01:49:58.152583","2025-01-08 01:49:58.152583","216.170.135.137","1"
"810","2025-01-17 02:32:16.934436","2025-01-17 02:32:16.934436","105.53.46.156","1"
"811","2025-01-20 07:28:54.099405","2025-01-20 07:28:54.099405","39.60.25.104","1"
"812","2025-01-03 23:55:53.573573","2025-01-03 23:55:53.573573","27.127.22.2","1"
"813","2025-01-21 00:37:12.365922","2025-01-21 00:37:12.365922","113.169.242.193","1"
"814","2025-01-03 17:19:54.586976","2025-01-03 17:19:54.586976","203.135.250.208","1"
"815","2025-01-13 05:12:55.787504","2025-01-13 05:12:55.787504","212.169.157.55","1"
"816","2025-01-14 12:20:32.850246","2025-01-14 12:20:32.850246","163.218.190.61","1"
"817","2025-01-20 15:41:20.046212","2025-01-20 15:41:20.046212","12.185.117.90","1"
"818","2025-01-19 14:40:14.938151","2025-01-19 14:40:14.938151","16.63.187.221","1"
"819","2025-01-14 10:31:08.505219","2025-01-14 10:31:08.505219","58.252.179.236","1"
"820","2025-01-01 20:29:58.626339","2025-01-01 20:29:58.626339","39.95.125.187","1"
"821","2025-01-07 16:50:42.139448","2025-01-07 16:50:42.139448","197.203.170.244","1"
"822","2025-01-02 03:11:28.388558","2025-01-02 03:11:28.388558","78.176.189.0","1"
"823","2025-01-21 04:57:43.747718","2025-01-21 04:57:43.747718","39.248.216.104","1"
"824","2025-01-19 07:51:05.686115","2025-01-19 07:51:05.686115","196.77.97.214","1"
"825","2025-01-18 01:35:24.881527","2025-01-18 01:35:24.881527","170.39.96.204","1"
"826","2025-01-19 09:08:49.841205","2025-01-19 09:08:49.841205","26.250.253.151","1"
"827","2025-01-16 15:44:17.718975","2025-01-16 15:44:17.718975","27.141.124.64","1"
"828","2025-01-22 20:33:49.973281","2025-01-22 20:33:49.973281","216.224.171.38","1"
"829","2025-01-21 21:23:38.797950","2025-01-21 21:23:38.797950","85.212.59.191","1"
"830","2025-01-23 05:30:11.724365","2025-01-23 05:30:11.724365","2.119.32.69","1"
"831","2025-01-18 13:02:28.735929","2025-01-18 13:02:28.735929","72.43.204.206","1"
"832","2025-01-17 15:44:49.526378","2025-01-17 15:44:49.526378","33.169.45.80","1"
"833","2025-01-06 18:33:41.612603","2025-01-06 18:33:41.612603","223.64.227.255","1"
"834","2025-01-11 17:57:11.413017","2025-01-11 17:57:11.413017","77.192.18.206","1"
"835","2025-01-21 02:27:33.445067","2025-01-21 02:27:33.445067","109.76.166.112","1"
"836","2025-01-02 09:10:14.259832","2025-01-02 09:10:14.259832","152.0.103.96","1"
"837","2025-01-23 11:46:58.600684","2025-01-23 11:46:58.600684","175.103.143.203","1"
"838","2025-01-01 12:06:55.974723","2025-01-01 12:06:55.974723","166.152.214.105","1"
"839","2025-01-21 11:49:38.570424","2025-01-21 11:49:38.570424","52.172.228.8","1"
"840","2025-01-14 12:25:12.598713","2025-01-14 12:25:12.598713","137.20.143.124","1"
"841","2025-01-19 16:18:22.333025","2025-01-19 16:18:22.333025","44.67.106.218","1"
"842","2025-01-21 12:44:00.576445","2025-01-21 12:44:00.576445","125.188.165.241","1"
"843","2025-01-10 02:41:40.973305","2025-01-10 02:41:40.973305","177.151.128.121","1"
"844","2025-01-01 03:06:18.066082","2025-01-01 03:06:18.066082","62.92.47.76","1"
"845","2025-01-15 15:44:30.574099","2025-01-15 15:44:30.574099","137.164.143.103","1"
"846","2025-01-03 04:22:08.140468","2025-01-03 04:22:08.140468","151.254.31.181","1"
"847","2025-01-03 07:28:31.322195","2025-01-03 07:28:31.322195","216.233.139.210","1"
"848","2025-01-08 04:26:18.154357","2025-01-08 04:26:18.154357","195.218.50.197","1"
"849","2025-01-18 20:13:01.118711","2025-01-18 20:13:01.118711","50.235.0.223","1"
"850","2025-01-19 12:05:58.993289","2025-01-19 12:05:58.993289","1.155.96.127","1"
"851","2025-01-02 17:42:37.046520","2025-01-02 17:42:37.046520","204.2.225.160","1"
"852","2025-01-15 02:14:09.329490","2025-01-15 02:14:09.329490","124.14.66.204","1"
"853","2025-01-07 18:41:29.255619","2025-01-07 18:41:29.255619","203.214.40.160","1"
"854","2025-01-20 11:07:20.060574","2025-01-20 11:07:20.060574","114.207.158.66","1"
"855","2025-01-14 00:27:53.881055","2025-01-14 00:27:53.881055","160.239.217.156","1"
"856","2025-01-19 01:12:06.439671","2025-01-19 01:12:06.439671","190.201.125.197","1"
"857","2025-01-04 14:32:23.780056","2025-01-04 14:32:23.780056","83.249.182.70","1"
"858","2025-01-14 01:13:21.094094","2025-01-14 01:13:21.094094","96.121.109.18","1"
"859","2025-01-06 03:37:28.119701","2025-01-06 03:37:28.119701","85.158.147.196","1"
"860","2025-01-12 03:40:47.233744","2025-01-12 03:40:47.233744","155.162.167.32","1"
"861","2025-01-01 16:48:27.211065","2025-01-01 16:48:27.211065","47.183.235.3","1"
"862","2025-01-04 08:02:14.967450","2025-01-04 08:02:14.967450","144.246.179.214","1"
"863","2025-01-23 04:04:53.963310","2025-01-23 04:04:53.963310","8.229.159.162","1"
"864","2025-01-19 00:37:43.183571","2025-01-19 00:37:43.183571","74.147.124.40","1"
"865","2025-01-22 07:42:53.483153","2025-01-22 07:42:53.483153","15.113.162.254","1"
"866","2025-01-02 21:06:27.407126","2025-01-02 21:06:27.407126","83.82.39.171","1"
"867","2025-01-20 18:06:09.021883","2025-01-20 18:06:09.021883","138.126.69.19","1"
"868","2025-01-19 00:00:48.077744","2025-01-19 00:00:48.077744","182.129.106.12","1"
"869","2025-01-19 22:42:59.530451","2025-01-19 22:42:59.530451","29.36.41.152","1"
"870","2025-01-03 11:17:58.677502","2025-01-03 11:17:58.677502","111.175.93.196","1"
"871","2025-01-08 12:38:39.527854","2025-01-08 12:38:39.527854","98.126.9.197","1"
"872","2025-01-16 16:08:12.672559","2025-01-16 16:08:12.672559","100.191.61.132","1"
"873","2025-01-02 16:57:58.415866","2025-01-02 16:57:58.415866","120.254.190.13","1"
"874","2025-01-05 17:12:35.457194","2025-01-05 17:12:35.457194","11.39.10.221","1"
"875","2025-01-02 01:30:49.430078","2025-01-02 01:30:49.430078","165.71.132.149","1"
"876","2025-01-20 07:38:01.878579","2025-01-20 07:38:01.878579","211.56.75.76","1"
"877","2025-01-10 02:23:33.027446","2025-01-10 02:23:33.027446","150.166.181.112","1"
"878","2025-01-11 20:54:00.635469","2025-01-11 20:54:00.635469","92.223.153.28","1"
"879","2025-01-13 12:14:05.902861","2025-01-13 12:14:05.902861","89.131.41.57","1"
"880","2025-01-08 00:31:10.708335","2025-01-08 00:31:10.708335","29.17.215.173","1"
"881","2025-01-16 16:50:38.535886","2025-01-16 16:50:38.535886","147.18.94.56","1"
"882","2025-01-19 21:55:12.417320","2025-01-19 21:55:12.417320","72.59.123.209","1"
"883","2025-01-15 20:41:51.537957","2025-01-15 20:41:51.537957","199.179.90.113","1"
"884","2025-01-18 15:13:01.909954","2025-01-18 15:13:01.909954","187.10.26.223","1"
"885","2025-01-13 21:39:18.432601","2025-01-13 21:39:18.432601","116.201.159.123","1"
"886","2025-01-08 06:49:52.578630","2025-01-08 06:49:52.578630","163.143.139.123","1"
"887","2025-01-17 20:00:53.352043","2025-01-17 20:00:53.352043","131.118.236.136","1"
"888","2025-01-03 05:30:08.878063","2025-01-03 05:30:08.878063","21.44.119.94","1"
"889","2025-01-11 20:29:30.806433","2025-01-11 20:29:30.806433","125.205.86.183","1"
"890","2025-01-04 18:56:13.261018","2025-01-04 18:56:13.261018","175.115.217.110","1"
"891","2025-01-06 03:14:50.083074","2025-01-06 03:14:50.083074","84.209.162.236","1"
"892","2025-01-18 21:05:19.439464","2025-01-18 21:05:19.439464","158.78.25.184","1"
"893","2025-01-07 03:04:20.357985","2025-01-07 03:04:20.357985","87.3.207.234","1"
"894","2025-01-03 00:21:45.793183","2025-01-03 00:21:45.793183","118.187.190.78","1"
"895","2025-01-02 14:01:59.347685","2025-01-02 14:01:59.347685","126.70.243.129","1"
"896","2025-01-01 07:26:20.809792","2025-01-01 07:26:20.809792","199.86.91.118","1"
"897","2025-01-20 11:29:20.201149","2025-01-20 11:29:20.201149","134.55.82.92","1"
"898","2025-01-17 09:08:14.795476","2025-01-17 09:08:14.795476","19.134.17.77","1"
"899","2025-01-07 03:35:08.461475","2025-01-07 03:35:08.461475","163.190.106.246","1"
"900","2025-01-21 23:23:43.224860","2025-01-21 23:23:43.224860","119.173.11.195","1"
"901","2025-01-09 11:59:08.108166","2025-01-09 11:59:08.108166","159.239.105.111","1"
"902","2025-01-11 22:06:35.122617","2025-01-11 22:06:35.122617","16.249.59.42","1"
"903","2025-01-15 17:35:21.812525","2025-01-15 17:35:21.812525","11.100.251.13","1"
"904","2025-01-17 21:06:19.381618","2025-01-17 21:06:19.381618","54.9.120.133","1"
"905","2025-01-16 14:38:52.800996","2025-01-16 14:38:52.800996","117.244.114.83","1"
"906","2025-01-04 02:07:40.684658","2025-01-04 02:07:40.684658","168.96.94.194","1"
"907","2025-01-05 03:01:17.101422","2025-01-05 03:01:17.101422","104.88.238.216","1"
"908","2025-01-11 01:34:52.890779","2025-01-11 01:34:52.890779","111.117.195.178","1"
"909","2025-01-01 16:09:54.513611","2025-01-01 16:09:54.513611","50.83.232.234","1"
"910","2025-01-08 16:52:05.468456","2025-01-08 16:52:05.468456","174.90.208.208","1"
"911","2025-01-17 01:33:19.200420","2025-01-17 01:33:19.200420","161.252.98.115","1"
"912","2025-01-18 21:21:31.662125","2025-01-18 21:21:31.662125","137.105.131.109","1"
"913","2025-01-05 17:34:50.885348","2025-01-05 17:34:50.885348","78.155.38.251","1"
"914","2025-01-12 12:52:26.127185","2025-01-12 12:52:26.127185","162.213.3.83","1"
"915","2025-01-04 21:12:23.880509","2025-01-04 21:12:23.880509","149.65.89.128","1"
"916","2025-01-23 05:12:10.794230","2025-01-23 05:12:10.794230","91.167.163.86","1"
"917","2025-01-02 13:31:19.507515","2025-01-02 13:31:19.507515","163.180.205.216","1"
"918","2025-01-18 09:22:50.238853","2025-01-18 09:22:50.238853","223.39.125.248","1"
"919","2025-01-22 03:50:01.248265","2025-01-22 03:50:01.248265","178.149.4.227","1"
"920","2025-01-10 04:30:36.226533","2025-01-10 04:30:36.226533","16.102.66.135","1"
"921","2025-01-01 10:09:51.611291","2025-01-01 10:09:51.611291","73.91.188.178","1"
"922","2025-01-22 21:11:38.237106","2025-01-22 21:11:38.237106","222.111.68.123","1"
"923","2025-01-05 09:49:00.998827","2025-01-05 09:49:00.998827","156.144.245.20","1"
"924","2025-01-22 17:08:35.100350","2025-01-22 17:08:35.100350","187.27.34.59","1"
"925","2025-01-02 11:16:54.631604","2025-01-02 11:16:54.631604","81.151.139.187","1"
"926","2025-01-13 15:56:46.717661","2025-01-13 15:56:46.717661","173.69.22.50","1"
"927","2025-01-11 01:31:46.450054","2025-01-11 01:31:46.450054","60.35.54.184","1"
"928","2025-01-05 19:52:18.949746","2025-01-05 19:52:18.949746","183.59.250.28","1"
"929","2025-01-09 01:08:11.375130","2025-01-09 01:08:11.375130","138.32.201.142","1"
"930","2025-01-16 22:31:22.291999","2025-01-16 22:31:22.291999","68.92.195.172","1"
"931","2025-01-21 06:49:49.676137","2025-01-21 06:49:49.676137","123.255.30.127","1"
"932","2025-01-21 13:17:45.356779","2025-01-21 13:17:45.356779","115.145.68.0","1"
"933","2025-01-21 07:26:08.332043","2025-01-21 07:26:08.332043","43.37.0.213","1"
"934","2025-01-01 12:12:32.464781","2025-01-01 12:12:32.464781","39.91.182.157","1"
"935","2025-01-01 08:49:57.615839","2025-01-01 08:49:57.615839","201.241.65.120","1"
"936","2025-01-15 01:11:52.458180","2025-01-15 01:11:52.458180","12.203.116.82","1"
"937","2025-01-09 07:52:17.091350","2025-01-09 07:52:17.091350","86.185.206.184","1"
"938","2025-01-06 18:10:37.030645","2025-01-06 18:10:37.030645","72.164.135.82","1"
"939","2025-01-06 07:27:23.583431","2025-01-06 07:27:23.583431","71.232.228.132","1"
"940","2025-01-01 10:42:32.510973","2025-01-01 10:42:32.510973","35.57.117.198","1"
"941","2025-01-23 02:26:08.402827","2025-01-23 02:26:08.402827","97.184.98.228","1"
"942","2025-01-09 19:01:18.702385","2025-01-09 19:01:18.702385","165.62.176.9","1"
"943","2025-01-17 16:12:45.883368","2025-01-17 16:12:45.883368","130.145.219.159","1"
"944","2025-01-15 04:44:31.530026","2025-01-15 04:44:31.530026","217.114.8.20","1"
"945","2025-01-19 10:09:01.619368","2025-01-19 10:09:01.619368","94.106.144.77","1"
"946","2025-01-16 11:13:46.875726","2025-01-16 11:13:46.875726","201.194.173.178","1"
"947","2025-01-23 05:02:30.864765","2025-01-23 05:02:30.864765","178.137.244.30","1"
"948","2025-01-11 09:35:37.620039","2025-01-11 09:35:37.620039","36.255.191.239","1"
"949","2025-01-06 04:02:14.466605","2025-01-06 04:02:14.466605","48.44.10.52","1"
"950","2025-01-14 17:23:46.832906","2025-01-14 17:23:46.832906","43.139.60.181","1"
"951","2025-01-01 14:46:10.111528","2025-01-01 14:46:10.111528","212.5.106.233","1"
"952","2025-01-02 08:22:02.952914","2025-01-02 08:22:02.952914","75.120.151.152","1"
"953","2025-01-05 11:56:36.930977","2025-01-05 11:56:36.930977","65.69.71.188","1"
"954","2025-01-10 19:06:49.839017","2025-01-10 19:06:49.839017","143.203.134.182","1"
"955","2025-01-10 04:45:34.972961","2025-01-10 04:45:34.972961","157.168.85.9","1"
"956","2025-01-13 00:25:30.654280","2025-01-13 00:25:30.654280","131.128.218.254","1"
"957","2025-01-03 19:56:34.397362","2025-01-03 19:56:34.397362","22.167.158.245","1"
"958","2025-01-19 17:52:26.878885","2025-01-19 17:52:26.878885","111.174.114.201","1"
"959","2025-01-22 20:33:28.489031","2025-01-22 20:33:28.489031","35.193.46.242","1"
"960","2025-01-14 07:22:06.722444","2025-01-14 07:22:06.722444","205.197.129.172","1"